,0
0,!
1,""""
2,(
3,)
4,","
5,-
6,--
7,.
8,/
9,00
10,03
11,1
12,1.3
13,1.5
14,10
15,10.3
16,100
17,104
18,105
19,1060m
20,108
21,11
22,110
23,11008
24,1126.1129
25,1127.1140
26,1132
27,1132.1133
28,1133A
29,1136.1141
30,1137.1142
31,1139
32,1145
33,12
34,1200
35,124.6
36,1250
37,128
38,13
39,13.6
40,14
41,15
42,150
43,1542
44,157
45,16
46,165
47,168
48,16k
49,17
50,172
51,174.2
52,1747
53,176.4
54,178.2
55,178.3
56,18
57,180
58,182.5
59,1888
60,19
61,1914
62,1915
63,1921
64,193
65,1931
66,1942
67,1949
68,1950
69,1951
70,1960
71,1963
72,1969
73,1970
74,1971
75,1979
76,1985
77,1986
78,1996
79,2
80,2.1
81,2.3
82,2.5
83,2.85
84,20
85,2001
86,2002
87,2003
88,2004
89,2005
90,2006
91,2007
92,2008
93,201
94,2012
95,2014
96,2015
97,2016
98,2017
99,21
100,219.5
101,22.7
102,225.5
103,228
104,229
105,23.5
106,24
107,244K
108,25
109,2500
110,251.5
111,275
112,275.5
113,29
114,3
115,3.1
116,3.6
117,3.99
118,30
119,300
120,303
121,31
122,31.5
123,32
124,33
125,35
126,360
127,38
128,39
129,3D
130,4
131,4.1
132,4.2
133,4.5
134,4.8
135,40
136,400
137,41K
138,42
139,43
140,43.5
141,45
142,450
143,460
144,495
145,5
146,5.1
147,5.75
148,50
149,500
150,51
151,52
152,56
153,565m
154,59km
155,6
156,6.2
157,60
158,601
159,614
160,63
161,65
162,650
163,66
164,68
165,7
166,70
167,70.5
168,750
169,77
170,8
171,80
172,800
173,81
174,8230934
175,862
176,8705881
177,8781022
178,8791350
179,8875405
180,9
181,9.5
182,90
183,900
184,910
185,915
186,92
187,:
188,AMIS
189,BBS
190,BIG
191,Brayaw
192,Ciwdiyan
193,DIY
194,FORMOSA
195,IG
196,IlhaFormosa
197,K
198,KOM
199,LDT103
200,LOVE
201,LucyCoffee
202,Pizza
203,QQ
204,SPA
205,SUP
206,Sgadan
207,Skadang
208,Swiji
209,T
210,T2
211,VR
212,Walami
213,Xoxos
214,bin
215,feng
216,googlemap
217,gov
218,home
219,http
220,k
221,m
222,php
223,tw
224,www
225,x
226,~
227,°
228,–
229,—
230,‧
231,→
232,─
233,●
234,、
235,。
236,《
237,》
238,「
239,」
240,『
241,』
242,【
243,】
244,ㄧ
245,一
246,一一
247,一下
248,一人
249,一件
250,一份
251,一位
252,一來
253,一個
254,一個則
255,一側
256,一入
257,一共
258,一出
259,一分
260,一切
261,一到
262,一動
263,一同
264,一周
265,一圈
266,一場
267,一塊
268,一大
269,一天
270,一季
271,一定
272,一家
273,一小
274,一層
275,一帶
276,一幅
277,一幅幅
278,一年
279,一年四季
280,一座
281,一心
282,一排排
283,一探
284,一收
285,一整天
286,一整片
287,一斷
288,一方面
289,一旁
290,一日
291,一晚
292,一景
293,一望
294,一本
295,一朵
296,一杯
297,一株株
298,一條
299,一條長
300,一棟
301,一棧
302,一棵
303,一樣
304,一次
305,一步
306,一段
307,一海蝕
308,一清二楚
309,一片
310,一片汪洋
311,一片片
312,一瓦
313,一生
314,一番
315,一直
316,一眼
317,一瞬
318,一磚
319,一種
320,一窺大禮
321,一窺砂
322,一站
323,一端
324,一絕
325,一絲絲
326,一線
327,一群
328,一般
329,一艘
330,一處
331,一號橋
332,一見
333,一覽
334,一覽花東
335,一貼
336,一走
337,一起
338,一趟
339,一路
340,一路上
341,一身
342,一連串
343,一遊
344,一道
345,一邊
346,一部
347,一長
348,一開始
349,一間
350,一靜
351,一面
352,一頁
353,一頓
354,一館
355,一體
356,一點點
357,七七
358,七星
359,七賢路
360,七里香
361,三
362,三五
363,三個
364,三層
365,三座
366,三生
367,三百
368,三等
369,三至
370,三角
371,三間
372,三顆
373,上
374,上來
375,上共設
376,上制
377,上則
378,上升
379,上午
380,上半天
381,上去
382,上坡
383,上層
384,上山
385,上岸
386,上方
387,上游
388,上湛
389,上溯
390,上演
391,上解
392,上路
393,上載
394,上長
395,上陣
396,上難
397,上靜謐
398,上面
399,上頭
400,下
401,下來
402,下切
403,下午
404,下午茶
405,下去
406,下坡
407,下山
408,下方
409,下水
410,下海
411,下游
412,下疊
413,下車
414,下面
415,不
416,不久
417,不了
418,不亞
419,不亦樂乎
420,不佳
421,不停
422,不僅
423,不僅僅
424,不再
425,不到
426,不勝枚舉
427,不厭
428,不可
429,不同
430,不喜歡
431,不多
432,不大
433,不好
434,不妨
435,不定
436,不定期
437,不宜
438,不少
439,不得
440,不必
441,不折不扣
442,不整
443,不斷
444,不易
445,不是
446,不時
447,不會
448,不期而遇
449,不止
450,不消
451,不用
452,不由
453,不知
454,不禁
455,不算
456,不管
457,不絕
458,不要
459,不見影
460,不訪
461,不論
462,不識
463,不費力
464,不足
465,不過
466,不遠
467,不遠處
468,不適
469,不錯
470,不長
471,不開放
472,不需
473,不須
474,不高
475,且
476,且易
477,世人
478,世俗
479,世外桃源
480,世村
481,世界
482,世界各地
483,丙
484,丙線
485,丟棄
486,並
487,並不困
488,並不臨海
489,並修築
490,並園區
491,並在
492,並帶
493,並推動
494,並有
495,並珍
496,並用
497,並立
498,並結合
499,並著
500,並規劃
501,並觀
502,並設
503,並認識
504,並非
505,並體
506,並點
507,中
508,中刮傷
509,中區
510,中區民眾
511,中午
512,中國
513,中央
514,中山堂
515,中山路
516,中心
517,中心站
518,中搖曳
519,中旬
520,中時
521,中暑
522,中橫
523,中正
524,中正路
525,中段
526,中沉
527,中繼
528,中繼站
529,中華路
530,中西
531,中路
532,中途
533,中間
534,中難
535,中顯
536,中風景
537,中飽覽
538,串聯
539,串起
540,串連綿延
541,串連起
542,丸
543,丹
544,主
545,主人
546,主任
547,主場館
548,主導
549,主建築
550,主打
551,主持人
552,主步
553,主要
554,主角
555,主軸
556,主題
557,主體
558,之
559,之一
560,之下
561,之中
562,之久
563,之井
564,之分
565,之前
566,之名
567,之外
568,之夜
569,之導
570,之後沿
571,之後葉子
572,之情
573,之意
574,之旅
575,之時
576,之棧
577,之歌
578,之母
579,之生產
580,之稱
581,之美
582,之處
583,之虞視
584,之鏡
585,之鐵道
586,之間
587,之際
588,之餘
589,之餘前
590,乘
591,乘涼
592,乘累
593,乘著
594,乘車
595,乘載
596,九丙線
597,九線
598,九芎
599,也
600,乳源
601,乳牛
602,乾
603,乾淨
604,乾溪溝
605,了
606,了解
607,予人
608,事
609,事件
610,事先
611,事列
612,事務
613,事業
614,事項
615,二
616,二十
617,二天
618,二層
619,二手
620,二期
621,二樓
622,二次
623,二段
624,二館則
625,互動
626,互動性
627,五大
628,五彩
629,五星
630,五月
631,五色
632,五處
633,五角
634,五角形
635,五間
636,井
637,些
638,亞洲
639,亞熱帶
640,亞種
641,交替
642,交會
643,交會處
644,交流
645,交界
646,交織
647,交通
648,交通工具
649,交通流量
650,交錯
651,交際
652,交響
653,交響樂
654,亦
655,亦可
656,享受
657,享有
658,享用
659,亭子
660,亮
661,亮眼
662,亮點
663,人
664,人人
665,人來
666,人們
667,人口
668,人員
669,人員及
670,人員至
671,人地
672,人定
673,人家
674,人工
675,人平時
676,人心
677,人擠
678,人文
679,人民
680,人氣
681,人氣炸
682,人潮
683,人煙罕
684,人物
685,人稱
686,人群
687,人行道
688,人誤
689,人類
690,人體
691,仁
692,仁步
693,仁海灘
694,仁溪
695,今
696,今來
697,今年
698,今日
699,今許
700,介壽
701,介紹
702,介紹東
703,介紹秀
704,仍
705,仍然
706,仍能
707,仔細
708,他
709,他們
710,仙人掌
711,仙境
712,代步
713,代表
714,代表性
715,令人
716,以
717,以上
718,以下
719,以來
720,以免
721,以初
722,以利
723,以刺
724,以前
725,以北
726,以南
727,以及
728,以外
729,以小膠
730,以往
731,以東大門
732,以榕
733,以港
734,以熱帶
735,以確
736,以種
737,以立
738,以繽紛
739,以罕見
740,以花蓮
741,以貨櫃
742,以車
743,以輕
744,以金針
745,以長
746,以防
747,仰望
748,任
749,任一
750,任何
751,任務
752,任選
753,份
754,仿
755,企劃
756,伏流
757,伏虎
758,伐木
759,伐木工人
760,休
761,休息
762,休憩
763,休耕
764,休閒
765,休養
766,伴
767,伴手
768,伴著林間
769,伸
770,似向
771,似的
772,但
773,但園區
774,但是
775,但甫
776,佇留
777,佇立
778,佈
779,位
780,位置
781,位處
782,低
783,低密度
784,低底
785,低矮
786,低碳
787,低訴
788,低飛
789,住
790,住宅
791,住家
792,住宿
793,住民
794,佐
795,佐倉
796,佔
797,佔地
798,何留
799,佛興寺
800,作
801,作出
802,作品
803,作文
804,作業
805,作為
806,作物
807,作用
808,作者
809,你
810,佳心
811,佳景
812,佳餚
813,併
814,使
815,使得
816,使民眾
817,使用
818,使遊客
819,來
820,來划
821,來往
822,來此
823,來訪
824,來試
825,來電
826,侍衛墓園
827,供
828,供人
829,供應
830,供民眾
831,供遊
832,供遊客
833,依
834,依山
835,依山傍水
836,依山傍海
837,依序
838,依憑
839,依指標
840,依據
841,依此
842,依然
843,依照
844,依舊
845,依著
846,侵蝕
847,便
848,便利
849,便是
850,便會
851,便民
852,便道
853,係
854,促成
855,促進
856,俏皮
857,俐落
858,俗稱
859,保
860,保公園
861,保存
862,保密
863,保持平衡
864,保持良好
865,保有
866,保留
867,保育
868,保證
869,保護
870,保護區
871,保障
872,信仰
873,信義鄉
874,修
875,修建
876,修整
877,修築
878,修院
879,俯瞰
880,俯覽
881,俱
882,倉庫
883,倉步
884,個
885,個區
886,們
887,倒影
888,倒映
889,倒映在
890,倘佯
891,候還
892,倚
893,借
894,值得
895,值得一提的是
896,假日
897,假期
898,偉士牌
899,偏遠
900,偏鄉
901,做
902,做個
903,做好
904,做成
905,停
906,停下
907,停止
908,停產
909,停用
910,停留
911,停車
912,停車位
913,停車場
914,健
915,健康
916,健行
917,健身
918,健體
919,側
920,偶有
921,偶爾
922,偶爾可停
923,偶爾可見
924,偶爾有
925,偷
926,偷香腸
927,傍晚
928,備好
929,備用
930,催生
931,傲視秀
932,傲踞
933,傳
934,傳來
935,傳承
936,傳教
937,傳真
938,傳統
939,傳說
940,傳達
941,傾
942,傾心
943,傾斜
944,傾洩
945,僅
946,僅剩
947,僅存
948,僅容
949,僅約
950,僅開放
951,像
952,像是
953,像險峻
954,價值
955,億
956,儘
957,優
958,優席夫
959,優美
960,優美多變
961,優良
962,優質
963,優閒
964,優雅
965,儲存
966,元
967,元素
968,充分
969,充實
970,充沛
971,充涼水
972,充滿
973,充滿繽紛
974,充滿芬
975,充足
976,充電
977,充體力
978,兆
979,先
980,先人
981,先來
982,先例
983,先別
984,先生
985,先行
986,先賢
987,先賢們
988,先鋒
989,先鋒們
990,光
991,光亮
992,光影
993,光是
994,光景
995,光會
996,光漁港
997,光潤
998,光澤
999,光照
1000,光產業
1001,光看
1002,光糖廠
1003,光華
1004,光豐
1005,光隆
1006,免費
1007,免費接
1008,兒童戲
1009,兔
1010,兔子
1011,入冬
1012,入口
1013,入園
1014,入園證
1015,入場
1016,入海
1017,入社
1018,入秋
1019,入鏡
1020,入館
1021,內
1022,內僅
1023,內免
1024,內容
1025,內岩層
1026,內政部定
1027,內有
1028,內涵
1029,內種
1030,內綠草
1031,內能
1032,內裡
1033,內設
1034,內路
1035,內還
1036,內部
1037,內陸
1038,全
1039,全世界
1040,全力
1041,全區
1042,全台
1043,全台灣
1044,全國
1045,全天
1046,全家
1047,全年
1048,全新
1049,全是
1050,全景
1051,全檜木
1052,全消
1053,全球
1054,全盛
1055,全程
1056,全線
1057,全花蓮縣
1058,全覽
1059,全身
1060,全部
1061,全長
1062,全面
1063,全額
1064,全體
1065,兩
1066,兩個
1067,兩側
1068,兩季還
1069,兩層
1070,兩岸
1071,兩座
1072,兩旁
1073,兩根
1074,兩條
1075,兩棵
1076,兩橫
1077,兩民眾
1078,兩潭
1079,兩種
1080,兩者
1081,兩色界線
1082,兩處
1083,兩部
1084,八
1085,八七
1086,八仙洞
1087,八個
1088,八利山
1089,八大
1090,八年
1091,八景
1092,八根
1093,八爪
1094,八螺
1095,八螺疊翠
1096,八通
1097,八里
1098,公
1099,公休日
1100,公共
1101,公分
1102,公司
1103,公告
1104,公噸
1105,公園
1106,公園步
1107,公室
1108,公尺
1109,公山
1110,公廁
1111,公所
1112,公斤
1113,公路
1114,公車
1115,公里
1116,公雞
1117,公頃
1118,六十
1119,六十六
1120,六字
1121,六月
1122,六期
1123,六角
1124,六零
1125,共
1126,共同
1127,共同努力
1128,共同性
1129,共和
1130,共存
1131,共度
1132,共有
1133,共生
1134,共興建
1135,共設
1136,共鳴
1137,兵事部
1138,兵民
1139,其
1140,其下
1141,其中
1142,其他
1143,其名
1144,其外
1145,其實
1146,其泉質
1147,其發音
1148,其趣
1149,其間
1150,具
1151,具備
1152,具文
1153,具有
1154,具療
1155,具觀光
1156,典藏
1157,典雅
1158,兼具
1159,兼遊客
1160,再
1161,再往
1162,再次
1163,再用
1164,再行
1165,冒
1166,冠羽
1167,冬去
1168,冬陽午
1169,冰品
1170,冰店
1171,冰涼
1172,冰淇淋
1173,冰糖
1174,冷
1175,凌空
1176,凹凸不平
1177,凹谷
1178,出
1179,出兒
1180,出入口
1181,出動
1182,出口
1183,出夢幻
1184,出層
1185,出張
1186,出悠閒
1187,出新
1188,出步
1189,出水口
1190,出海
1191,出海口
1192,出港
1193,出現
1194,出發
1195,出籠
1196,出粉
1197,出自
1198,出身
1199,出遊
1200,分
1201,分公司
1202,分別
1203,分別位
1204,分布
1205,分成
1206,分明
1207,分機
1208,分水
1209,分為
1210,分界
1211,分路
1212,分辨
1213,分鐘
1214,分隔
1215,切勿
1216,切成
1217,切穿
1218,划槳
1219,划獨
1220,列
1221,列入
1222,列林間
1223,列為
1224,列車
1225,列館
1226,初
1227,初秋
1228,初英
1229,初英親
1230,初衷
1231,別
1232,別具
1233,別出
1234,別有
1235,別樣
1236,別館
1237,刨冰
1238,刨片
1239,利用
1240,利用光
1241,到
1242,到位
1243,到峽
1244,到底
1245,到海
1246,到湛
1247,到羅山遊
1248,到芬
1249,制
1250,制度
1251,制高點
1252,刷
1253,刺激
1254,刺眼
1255,刺蔥
1256,刻
1257,則
1258,則不
1259,則以
1260,則位
1261,則依遊客
1262,則可見
1263,則呈現
1264,則成
1265,則採用
1266,則是
1267,則有
1268,則須
1269,則飛舞
1270,前
1271,前人
1272,前來
1273,前半段
1274,前可先
1275,前往
1276,前後約
1277,前應
1278,前方
1279,前景
1280,前段
1281,前由斷
1282,前者
1283,前行
1284,前身
1285,前進
1286,剔透
1287,剛味
1288,剩幾座
1289,副
1290,創
1291,創作
1292,創意
1293,創新
1294,創產業
1295,創等
1296,創造
1297,劃下
1298,劇場
1299,功成身退
1300,功效
1301,功能
1302,加上
1303,加以
1304,加倍
1305,加入
1306,加固
1307,加工
1308,加立
1309,加裝定
1310,努力
1311,勁舞
1312,勇士
1313,動
1314,動場域
1315,動態
1316,動手
1317,動物
1318,動物們
1319,務
1320,務局
1321,勝地
1322,勝天
1323,勿
1324,包含
1325,包括
1326,包裝
1327,化樹種
1328,化石
1329,北
1330,北上
1331,北側
1332,北兩個
1333,北口
1334,北回
1335,北埔
1336,北岸
1337,北方
1338,北濱
1339,北濱段
1340,北環
1341,北界
1342,北端
1343,北線
1344,北親
1345,北路
1346,北遊客
1347,北邊
1348,匯
1349,匯德
1350,匯德步
1351,匯集
1352,匾題
1353,區
1354,區不僅
1355,區中
1356,區內
1357,區及
1358,區域
1359,區往
1360,區整體
1361,區時
1362,區有
1363,區望
1364,區的
1365,區範圍
1366,區約
1367,區補
1368,區隔
1369,十九年
1370,十分
1371,十大
1372,十幾格
1373,十景
1374,十足
1375,千噸
1376,千山
1377,千年
1378,千紫嫣紅
1379,千辛萬苦
1380,升旗
1381,升至
1382,升起
1383,午
1384,午後則
1385,午後時
1386,半
1387,半小時
1388,半成品
1389,半段
1390,卓溪
1391,協助
1392,南
1393,南下
1394,南側
1395,南北
1396,南區
1397,南國家
1398,南園區
1399,南安
1400,南山
1401,南投
1402,南方
1403,南望
1404,南村
1405,南段
1406,南溪
1407,南濱
1408,南濱段
1409,南濱路
1410,南端
1411,南華村
1412,南行
1413,南距
1414,南路
1415,南轉
1416,南遠眺
1417,南邊
1418,博物
1419,占地
1420,卡
1421,卡位
1422,卡倫
1423,卡倫步
1424,卡品種
1425,印記
1426,印象
1427,危險
1428,即
1429,即以
1430,即來
1431,即便
1432,即化
1433,即可
1434,即將
1435,即錐麓
1436,卵石
1437,卻
1438,卻略顯
1439,原
1440,原住民
1441,原來
1442,原先
1443,原名
1444,原因
1445,原址
1446,原始
1447,原屬
1448,原意
1449,原料
1450,原是
1451,原有
1452,原木
1453,原本
1454,原民
1455,原民藝術
1456,原民風味餐
1457,原民風情
1458,原民風采
1459,原為
1460,原為僅
1461,原生植物
1462,原色
1463,原路
1464,原長
1465,去
1466,去程
1467,參天
1468,參拜
1469,參拜階梯
1470,參考
1471,參與
1472,參觀
1473,又
1474,又名
1475,叉
1476,及
1477,及亞
1478,及動
1479,及史
1480,及大禮
1481,及婦
1482,及導
1483,及棟
1484,及海灘
1485,及海蝕
1486,及玉長
1487,及產業
1488,及章
1489,及綠片
1490,及育
1491,及蛇類
1492,及解
1493,及錦文橋
1494,友善
1495,反共
1496,反差
1497,取其名
1498,取景
1499,取水
1500,取而代之
1501,取自
1502,取諧
1503,受
1504,受到
1505,受遊客
1506,受限制
1507,叢生
1508,口
1509,口味
1510,口福
1511,口至
1512,口至佳心
1513,口香糖
1514,古
1515,古今
1516,古代
1517,古到
1518,古厝
1519,古大戲院
1520,古屋
1521,古意
1522,古感
1523,古木
1524,古氛
1525,古海報
1526,古老
1527,古色古香
1528,古道
1529,古銅蘭溪
1530,古風
1531,古高聳
1532,句點
1533,另
1534,另一面
1535,另外
1536,另架
1537,另種
1538,另設
1539,只
1540,只是
1541,只有
1542,只要
1543,只開
1544,叫
1545,叫作
1546,可
1547,可上
1548,可以
1549,可來
1550,可供
1551,可分
1552,可到
1553,可在馬場
1554,可容納
1555,可將
1556,可想
1557,可愛動
1558,可愛又
1559,可愛海獅
1560,可愛的
1561,可愛的魚
1562,可愛美麗
1563,可是
1564,可欣賞
1565,可滋養
1566,可發
1567,可看
1568,可約
1569,可經
1570,可繼續
1571,可至
1572,可見
1573,可見動
1574,可親
1575,可觀
1576,可觀賞
1577,可說
1578,可貴
1579,可賞
1580,可購
1581,可辨
1582,可通
1583,可遊憩
1584,可遠眺
1585,可選擇
1586,可電話
1587,可飽覽
1588,可體驗
1589,台
1590,台下
1591,台九線
1592,台則
1593,台地
1594,台泥
1595,台灣
1596,台灣北
1597,台灣島
1598,台灣林業
1599,台灣玉
1600,台灣葉
1601,台糖
1602,台肥
1603,台鐵東部
1604,台開心
1605,台電
1606,台風景
1607,史
1608,史前
1609,右
1610,右側
1611,右轉
1612,右邊
1613,吃
1614,吃海鮮
1615,各個
1616,各具
1617,各區
1618,各地
1619,各大
1620,各小學
1621,各年齡
1622,各式
1623,各有
1624,各有特色
1625,各林班
1626,各樣
1627,各異
1628,各省
1629,各種
1630,各色
1631,各處
1632,各項
1633,合一
1634,合作
1635,合影
1636,合歡
1637,合歡山
1638,合流
1639,合而為
1640,吉
1641,吉安
1642,吉安市
1643,吉拉
1644,吉野
1645,吊
1646,吊橋
1647,吊橋富
1648,同時
1649,同條
1650,同樂
1651,同樂遊
1652,同樣
1653,同步
1654,同行
1655,同遊
1656,名列
1657,名命
1658,名品
1659,名字
1660,名店
1661,名氣
1662,名為
1663,名稱
1664,名符
1665,向
1666,向上
1667,向前
1668,向榮
1669,向源
1670,吧
1671,含
1672,含有
1673,含水
1674,吳
1675,吸引
1676,吸收
1677,吸煙
1678,吸睛
1679,吹
1680,吹來
1681,吹拂
1682,吹海風
1683,吼海
1684,呈
1685,呈現
1686,告
1687,告捕
1688,告知
1689,呢
1690,周圍
1691,周遭
1692,周邊
1693,味
1694,味蕾
1695,呼吸
1696,呼庭
1697,呼應
1698,命名
1699,和
1700,和平
1701,咖啡
1702,咖啡店
1703,咖啡豆
1704,品
1705,品味
1706,品嘗鮮
1707,品嚐
1708,品牌
1709,哈拉
1710,哈比人
1711,哦
1712,哨
1713,哨所
1714,哨角
1715,哪
1716,哪裡
1717,售票
1718,唯
1719,唯一
1720,唯美
1721,唱歌
1722,啃得
1723,商品
1724,商圈
1725,商店
1726,問站
1727,問題
1728,啟用
1729,喀西帕南
1730,喔
1731,喜
1732,喜好
1733,喜愛
1734,喜愛的
1735,喜歡
1736,喜連連
1737,喝
1738,喝到
1739,喝杯
1740,喝酒
1741,喧囂
1742,單
1743,單中
1744,單向
1745,單程
1746,單車
1747,單車客
1748,單車者
1749,單面
1750,嗎
1751,嘆
1752,嘉年華
1753,嘉義
1754,嘉義縣
1755,嘉農溪
1756,嘗試
1757,嘴及
1758,器具
1759,噴泥
1760,噴泥池
1761,噴泥盆
1762,噴泥盾
1763,噴發出
1764,噶瑪蘭人
1765,噶瑪蘭語
1766,嚴重
1767,嚼
1768,四
1769,四八
1770,四周
1771,四季
1772,四小時
1773,四百
1774,四象
1775,四週
1776,四面
1777,回到
1778,回去
1779,回憶
1780,回暖
1781,回歸
1782,回歸線
1783,回盤
1784,回程
1785,回花蓮
1786,回顧
1787,因
1788,因位
1789,因佐倉
1790,因原
1791,因品
1792,因季節
1793,因峽谷
1794,因有
1795,因此
1796,因步
1797,因歲
1798,因為
1799,因當
1800,因素
1801,因而
1802,因遊客
1803,因過
1804,因長
1805,因陽光
1806,因風災
1807,固兒
1808,固定
1809,國
1810,國中
1811,國內
1812,國家
1813,國家級
1814,國小旁
1815,國旗
1816,國旗屋
1817,國民
1818,國產鮮奶
1819,國防
1820,國際
1821,國際港
1822,國際級
1823,圍
1824,圍牆
1825,圍繞
1826,園
1827,園內
1828,園區
1829,園區步
1830,園區裡
1831,圓環
1832,圖
1833,圖形
1834,圖文
1835,圖文介紹
1836,圖案
1837,圖案將
1838,圖片
1839,圖騰
1840,團錦簇
1841,土地
1842,土壤
1843,土徑
1844,在
1845,在裡
1846,在賞
1847,圮
1848,地
1849,地上
1850,地人
1851,地供
1852,地勢
1853,地北側
1854,地區
1855,地原
1856,地名
1857,地圖
1858,地址
1859,地夥伴
1860,地層
1861,地平線
1862,地底
1863,地形
1864,地文
1865,地方
1866,地景
1867,地板
1868,地標
1869,地欣賞
1870,地步
1871,地段
1872,地民眾
1873,地球
1874,地理
1875,地理位置
1876,地發
1877,地種
1878,地耕味
1879,地貌
1880,地質
1881,地質史
1882,地道
1883,地遠
1884,地鄉
1885,地闢
1886,地面
1887,地點
1888,地點位
1889,均
1890,坐
1891,坐在
1892,坐落
1893,坑
1894,坑道
1895,坡
1896,坡地
1897,坡度
1898,坡道
1899,坪
1900,坪位
1901,垂
1902,垂直
1903,垃圾
1904,型
1905,城堡
1906,城市
1907,埤
1908,培育
1909,基
1910,基地
1911,基督教
1912,基里
1913,基點
1914,堅
1915,堅固
1916,堅持
1917,堅硬
1918,堆放
1919,堆疊
1920,堆砌
1921,堆積
1922,堰塞湖
1923,報到
1924,報導
1925,場
1926,場區植
1927,場域
1928,場所
1929,場景
1930,場等
1931,場遊
1932,場電影
1933,場館
1934,堵塞
1935,塊
1936,塑成
1937,塑造
1938,塔
1939,塔旁
1940,塔次
1941,塗抹
1942,塘
1943,填
1944,塱
1945,境過
1946,增
1947,增加
1948,增添
1949,增長
1950,壁峽
1951,壁畫
1952,壘
1953,壞
1954,壩
1955,壯
1956,壯觀
1957,壯闊
1958,壯麗
1959,壺穴
1960,壽
1961,壽豐
1962,壽豐鄉
1963,夏
1964,夏天
1965,夏季
1966,夏日
1967,夏爾村
1968,夏至
1969,外
1970,外傷
1971,外地
1972,外型
1973,外教
1974,外牆
1975,外界
1976,外移
1977,外納涼
1978,外觀
1979,外貌
1980,多
1981,多元
1982,多元化
1983,多充
1984,多分
1985,多功能
1986,多台
1987,多名
1988,多場
1989,多多
1990,多媒體
1991,多家
1992,多層
1993,多年
1994,多庭園
1995,多彩
1996,多數健
1997,多方
1998,多時
1999,多棟
2000,多樣
2001,多次
2002,多種
2003,多稱
2004,多蛇
2005,多角度
2006,多變
2007,多項
2008,夜宿
2009,夜市
2010,夜晚
2011,夜景
2012,夜色
2013,夜裡
2014,夜覽
2015,夜訪
2016,夜貓子
2017,夜間
2018,夢
2019,夢幻
2020,夢幻湖
2021,大
2022,大不相同
2023,大事
2024,大冠鷲
2025,大利
2026,大區域
2027,大受
2028,大同
2029,大地
2030,大圳
2031,大坑
2032,大型
2033,大多
2034,大大
2035,大大小小
2036,大太陽
2037,大奇
2038,大家
2039,大富
2040,大小
2041,大山
2042,大師
2043,大幅
2044,大戰
2045,大戰時
2046,大批
2047,大樹
2048,大橋
2049,大河
2050,大洋
2051,大海
2052,大灣
2053,大片
2054,大理岩
2055,大理石
2056,大眾
2057,大石
2058,大禮
2059,大禮大
2060,大禹
2061,大米
2062,大約
2063,大紅色
2064,大自然
2065,大致
2066,大船
2067,大規模
2068,大象
2069,大農
2070,大道
2071,大部分
2072,大量
2073,大阪
2074,大面積
2075,大頭
2076,大顆
2077,大風車
2078,大鯨魚
2079,天候不佳
2080,天倫之樂
2081,天倫時
2082,天合國際
2083,天后
2084,天堂
2085,天天
2086,天成
2087,天氣
2088,天氣炎
2089,天池
2090,天涯海角
2091,天然
2092,天然材料
2093,天皇
2094,天祥
2095,天祥遊
2096,天空
2097,天蒼蒼
2098,天象
2099,天連成
2100,天際
2101,天險
2102,天高地
2103,天鵝
2104,太
2105,太久
2106,太平洋
2107,太昌
2108,太空
2109,太累
2110,太陽
2111,太陽下
2112,太鞍豆
2113,太魯
2114,太魯閣
2115,太魯閣族
2116,太魯閣族語
2117,太魯閣線
2118,太魯閣語
2119,夫妻
2120,失去
2121,夾彎
2122,夾彎旁
2123,夾彎時
2124,夾道
2125,奇岩
2126,奇幻
2127,奇景
2128,奇特
2129,奇石
2130,奇美
2131,奇花
2132,奇萊鼻
2133,奇萊鼻燈
2134,奇觀
2135,奉獻
2136,奉獻者
2137,奔走
2138,奔跑
2139,奚卜蘭
2140,奧妙
2141,女孩
2142,女廁
2143,女病
2144,奶
2145,奶酪
2146,好
2147,好像
2148,好友
2149,好好
2150,好康
2151,好愛跟
2152,好手
2153,好看
2154,好行
2155,好視
2156,好運
2157,如
2158,如今
2159,如何
2160,如同
2161,如夢似
2162,如有
2163,如果
2164,如桂竹
2165,如此
2166,如火
2167,如灰喉
2168,如珠
2169,如畫
2170,如茵
2171,如詩
2172,如遇
2173,如醉
2174,如門
2175,如鵝
2176,妙語
2177,妝點
2178,姑婆
2179,姑巒
2180,委員
2181,姻親
2182,姿態
2183,威力
2184,威秀
2185,娛樂
2186,娛樂及
2187,婦人
2188,婦女
2189,媒體
2190,媲美
2191,媽肉
2192,嫣紅
2193,嬉戲
2194,嬌
2195,嬗
2196,嬰室
2197,子
2198,子斷
2199,子步
2200,子點心
2201,孔雀
2202,孕育
2203,孕育出
2204,字樣
2205,存在
2206,季節
2207,季節性
2208,季風
2209,季風帶
2210,孤寂
2211,孤挺花
2212,孩子
2213,學
2214,學場域
2215,學平
2216,它
2217,它象
2218,守護
2219,安全
2220,安全帽
2221,安全性
2222,安心
2223,安排
2224,安檢所
2225,安通
2226,完
2227,完全
2228,完善
2229,完固
2230,完好
2231,完工
2232,完成
2233,完整
2234,完步
2235,完生態
2236,完畢
2237,完約
2238,完美
2239,官舍
2240,官辦
2241,定位
2242,定居
2243,定期
2244,定格
2245,定置
2246,宛如
2247,宜
2248,宜花東
2249,宜蘭南
2250,宜蘭習
2251,客
2252,客人
2253,客來
2254,客們
2255,客到
2256,客家
2257,客家人
2258,客會
2259,客服
2260,客籍
2261,客車
2262,客車箱
2263,客進入
2264,客運
2265,宣成
2266,宣揚
2267,宣親
2268,室
2269,室內
2270,室則
2271,室外
2272,宮殿
2273,宵夜
2274,家具
2275,家園
2276,家庭
2277,家族
2278,容易
2279,宿舍
2280,寄
2281,密
2282,密密麻麻
2283,密集
2284,密集度
2285,富世村
2286,富含
2287,富有
2288,富東
2289,富源
2290,富里
2291,寒梅
2292,寓教
2293,實地
2294,實為
2295,實無華
2296,實用
2297,實質益
2298,實際
2299,寧靜
2300,寧靜營
2301,寫
2302,寫下
2303,寫著
2304,寬
2305,寬度
2306,寬廣
2307,寬闊
2308,寮
2309,寰宇
2310,寵物
2311,寵物箱
2312,寶
2313,寶庫
2314,寶石
2315,寸草不生
2316,封住
2317,封場後植
2318,封山
2319,封為
2320,封閉
2321,射入
2322,將
2323,將來
2324,將南濱
2325,將在
2326,將堅
2327,將壯麗
2328,將此
2329,將礦區
2330,將簡易
2331,將紐
2332,將綠水
2333,將貨物
2334,將貯木池
2335,將近
2336,將這些
2337,專人
2338,專區
2339,專屬
2340,專業
2341,專用
2342,專賣局
2343,專車
2344,尊奉
2345,尊敬
2346,尊重
2347,尋找
2348,尋立
2349,尋蹊
2350,對
2351,對岸
2352,對望
2353,對稱
2354,對話
2355,對遊
2356,對面
2357,對鯨豚
2358,導覽
2359,導覽解
2360,小
2361,小前
2362,小劇場
2363,小動物
2364,小動物們
2365,小動物園
2366,小動物易
2367,小吃
2368,小型
2369,小天祥
2370,小孩
2371,小小
2372,小小的
2373,小屋
2374,小店
2375,小廣場
2376,小彎
2377,小徑
2378,小心
2379,小時
2380,小朋友
2381,小樹林
2382,小涼亭
2383,小溪
2384,小火
2385,小燈
2386,小白鷺
2387,小船
2388,小花
2389,小賣部
2390,小路
2391,小蹄
2392,小農
2393,小錐麓
2394,小魚
2395,小鴨
2396,小麥
2397,少
2398,少不了
2399,少人
2400,少林足球
2401,少見
2402,少許
2403,尖聳
2404,尚可
2405,尚志
2406,尤其
2407,就
2408,就可以看
2409,就是
2410,就會
2411,就會少
2412,就算
2413,就近
2414,尾端
2415,尾花
2416,屁股
2417,居
2418,居住
2419,居住地
2420,居民
2421,居高臨
2422,屋
2423,屋內
2424,屋子
2425,屋瓦
2426,屋舍
2427,屋頂
2428,屋頂則
2429,屏障
2430,展
2431,展出
2432,展區
2433,展品
2434,展售
2435,展場
2436,展望
2437,展現
2438,展示
2439,展示台
2440,展示室
2441,展翅
2442,展覽
2443,展覽區域
2444,展覽場
2445,展覽館
2446,展開
2447,層
2448,層層
2449,層巒
2450,層樓
2451,層次
2452,層疊
2453,層疊疊
2454,屬亞
2455,屬片
2456,屯墾
2457,山
2458,山上
2459,山下
2460,山丘
2461,山中
2462,山勢
2463,山區
2464,山及
2465,山友
2466,山呼
2467,山和貓
2468,山坡
2469,山坳
2470,山壁
2471,山姆
2472,山層
2473,山峰
2474,山崖
2475,山崩
2476,山嵐
2477,山嵐繚繞
2478,山巒
2479,山巔
2480,山徑
2481,山景
2482,山有
2483,山村
2484,山林
2485,山椒
2486,山橋
2487,山步
2488,山水
2489,山泉
2490,山洞
2491,山派
2492,山海
2493,山無毒
2494,山紅頭
2495,山脈
2496,山脈主
2497,山脈層
2498,山腰
2499,山色
2500,山西
2501,山親
2502,山谷
2503,山路
2504,山邊
2505,山野
2506,山間
2507,山頂
2508,山頭
2509,山風
2510,山風二號
2511,山高海
2512,山鳥
2513,山麓
2514,岔路
2515,岩
2516,岩互層
2517,岩塊
2518,岩壁
2519,岩層
2520,岩性
2521,岩所構
2522,岩洞
2523,岩生
2524,岩盤
2525,岩石
2526,岩質
2527,岬
2528,岬角
2529,岸路
2530,岸邊
2531,峇
2532,峭壁
2533,峰頂
2534,島上
2535,島嶼
2536,島風
2537,峻
2538,峻險
2539,峽谷
2540,峽谷雄偉
2541,崇德
2542,崇敬
2543,崎
2544,崎海濱
2545,崎海濱遊
2546,崎海灘
2547,崎海灣
2548,崎灣
2549,崖
2550,崖壁
2551,崩坍
2552,崩塌
2553,崩落
2554,嶺
2555,巍峨
2556,巍然矗立
2557,巒
2558,巡水員
2559,工人
2560,工作
2561,工作者
2562,工務段
2563,工坊
2564,工場
2565,工序
2566,工廠
2567,工整
2568,工業
2569,工業風
2570,工法
2571,工程
2572,左
2573,左側
2574,左右
2575,左手
2576,左轉
2577,巧思
2578,巧遇
2579,巨大
2580,巨岩
2581,巨幅
2582,巨洞
2583,巨浪
2584,巨石
2585,巨龍
2586,差
2587,差別
2588,差異
2589,差達
2590,已
2591,已列
2592,已成
2593,已有
2594,已無人
2595,已用
2596,已經
2597,已能
2598,已規劃
2599,巴
2600,巴拉
2601,巴爾瓦旦
2602,巷
2603,巷弄
2604,市中心
2605,市公所
2606,市區
2607,市景
2608,市民
2609,市郊
2610,市集
2611,布景
2612,布萊登
2613,布農族
2614,布鞋
2615,帆船
2616,希望
2617,席地而坐
2618,帶
2619,帶來
2620,帶動
2621,帶有
2622,帶著
2623,帶著陽
2624,帶貓
2625,常
2626,常可
2627,常客
2628,常常
2629,常是
2630,常會
2631,常有
2632,常看到
2633,常能
2634,常見
2635,常設
2636,幅員
2637,幫
2638,幫助
2639,干城
2640,干擾
2641,平
2642,平交道
2643,平原
2644,平台
2645,平和
2646,平地
2647,平坦
2648,平埔族
2649,平大橋
2650,平常
2651,平房
2652,平整
2653,平日
2654,平易近人
2655,平時
2656,平緩
2657,平行
2658,平衡
2659,平靜
2660,年
2661,年代
2662,年份
2663,年前
2664,年國際
2665,年均
2666,年底
2667,年才將
2668,年林務局
2669,年榮
2670,年移
2671,年糕
2672,年興建
2673,年輕
2674,年齡層
2675,幸福
2676,幸運
2677,幹
2678,幹線
2679,幻
2680,幻燈片
2681,幼蟲
2682,幽境
2683,幽深
2684,幽美
2685,幽雅
2686,幾乎
2687,幾何
2688,幾個
2689,幾分
2690,幾年
2691,幾座
2692,幾近
2693,幾間
2694,庄
2695,床
2696,床裡
2697,底下
2698,底層
2699,底蘊
2700,店
2701,店內
2702,店家
2703,店裡
2704,府
2705,度
2706,度假
2707,度假村
2708,度大
2709,度視野
2710,度過
2711,座
2712,座位
2713,座椅
2714,座涼亭
2715,座落
2716,座落在
2717,庫
2718,庭
2719,庭園
2720,廁所
2721,廊
2722,廊道
2723,廖快
2724,廠
2725,廠位
2726,廠區
2727,廠房
2728,廢
2729,廢校
2730,廢棄
2731,廢棄後經
2732,廢棄物
2733,廣場
2734,廣場區
2735,廣大
2736,廣平緩
2737,廣植
2738,廣視野
2739,廣達
2740,廣闊
2741,廬停
2742,廳
2743,延伸
2744,延長
2745,建
2746,建成
2747,建教合作
2748,建有
2749,建水
2750,建海濱
2751,建物
2752,建社
2753,建立
2754,建築
2755,建築及
2756,建築師
2757,建築物
2758,建置
2759,建議
2760,建造
2761,弄
2762,式
2763,弔
2764,引
2765,引人
2766,引人注目
2767,引廠
2768,引擎
2769,引線
2770,弧形
2771,弱
2772,弱建築
2773,弱鹼性
2774,強化
2775,強烈
2776,強盛
2777,強調
2778,強身
2779,彈
2780,彈跳
2781,彈跳床
2782,彌補學校
2783,彌陀
2784,彎
2785,彎區
2786,彎道
2787,形
2788,形勢
2789,形塑
2790,形式
2791,形態
2792,形成
2793,形狀
2794,彩繪
2795,彩繪牆
2796,彩色
2797,影
2798,影下
2799,影城
2800,影子
2801,影攜
2802,影片
2803,影迷
2804,影響
2805,彷
2806,彿
2807,往
2808,往上
2809,往上走
2810,往來
2811,往前
2812,往前走
2813,往北
2814,往南
2815,往台
2816,往右
2817,往回
2818,往壽豐
2819,往富里
2820,往往
2821,往東側
2822,往返
2823,很
2824,很多
2825,很棒
2826,很療
2827,很適
2828,後
2829,後者則
2830,徐徐
2831,徑
2832,徑崎嶇
2833,徑維持
2834,徒步
2835,得
2836,得以
2837,得到
2838,得名
2839,得天
2840,得手
2841,徜徉
2842,從
2843,從光
2844,從台
2845,從園
2846,從容
2847,從枝
2848,從此
2849,從步
2850,從海
2851,從潭北
2852,從牌
2853,從玉里
2854,從福興村
2855,從紀念碑
2856,從花蓮
2857,從頭
2858,御用
2859,復
2860,循環
2861,循著
2862,循著北
2863,微風
2864,微風輕
2865,徵
2866,徵著
2867,德燕濱海
2868,心動魄
2869,心得
2870,心情
2871,心曠神怡
2872,心涼風
2873,心理
2874,心臟病
2875,心裁
2876,心裡
2877,心靈
2878,必
2879,必到
2880,必定
2881,必朝
2882,必經
2883,必須
2884,必體驗
2885,忍不住
2886,忘
2887,忘懷
2888,忙碌
2889,忠實
2890,忠烈祠
2891,快到
2892,快意
2893,快慢
2894,快速
2895,快門
2896,念念不忘
2897,怎麼
2898,怕
2899,思緒
2900,急著
2901,性
2902,性主題
2903,性健康
2904,怪石
2905,恍如
2906,恢
2907,恣意
2908,恬適
2909,悄悄
2910,悅耳
2911,悠
2912,悠久
2913,悠哉
2914,悠悠
2915,悠游
2916,悠遊
2917,悠閒
2918,悠閒感
2919,患有
2920,您
2921,情人
2922,情侶
2923,情形
2924,情感
2925,情懷
2926,情景
2927,情況
2928,惜物
2929,想
2930,想來
2931,想像
2932,想安靜
2933,想要
2934,想遇
2935,意
2936,意外
2937,意思
2938,意指
2939,意水簾別
2940,意涵
2941,意義
2942,意義的
2943,意象
2944,愛
2945,愛之塔
2946,愛來
2947,愛好
2948,愛好者
2949,愛守護
2950,愛心
2951,愛情
2952,愛物
2953,愛玉凍
2954,愛的
2955,愜
2956,愜意
2957,感
2958,感到
2959,感動
2960,感受
2961,感念
2962,感覺
2963,態
2964,態及
2965,態池
2966,慢
2967,慢慢
2968,慢步
2969,慢跑
2970,慣
2971,慶
2972,慶功
2973,憑
2974,憩區
2975,憩區並
2976,憩區位
2977,懈
2978,應
2979,應擦
2980,應林業
2981,懷古風情
2982,懷舊
2983,懸
2984,懸壁
2985,懸崖
2986,懸空
2987,成
2988,成列
2989,成品
2990,成就
2991,成岩
2992,成形
2993,成松園
2994,成林
2995,成果
2996,成湖
2997,成為
2998,成為現
2999,成立
3000,成群
3001,成蔭
3002,成行
3003,成隊
3004,我
3005,我們
3006,或
3007,或是
3008,或者
3009,或許
3010,或長
3011,截取
3012,截然不同
3013,戰
3014,戰備
3015,戰地
3016,戰役
3017,戰管
3018,戰鬥機
3019,戲劇
3020,戲水
3021,戲水區
3022,戲沙
3023,戲沙池
3024,戲砂池
3025,戶
3026,戶外
3027,房
3028,房內
3029,房屋
3030,房經
3031,房經過
3032,房舍
3033,所
3034,所以
3035,所到
3036,所在
3037,所在地
3038,所有
3039,所環
3040,所產曠
3041,所用
3042,所稱
3043,所衍
3044,所見
3045,所謂
3046,手
3047,手作
3048,手作平
3049,手作步
3050,手工
3051,手書
3052,手繪
3053,手腳
3054,手電筒
3055,才
3056,才能
3057,扎根
3058,打
3059,打個
3060,打卡
3061,打牙祭
3062,打算
3063,打造
3064,打造出
3065,打鐵
3066,打響
3067,打馬
3068,扭蛋
3069,扭蛋富
3070,扶搖直
3071,扶桑
3072,找
3073,找個
3074,找出
3075,找到
3076,承襲
3077,承載
3078,技法
3079,技藝
3080,技術
3081,把
3082,抓
3083,投樹
3084,投資
3085,折射出
3086,折抵
3087,折返
3088,披
3089,抬頭
3090,抱
3091,抱持
3092,抵
3093,抵達
3094,抵達楓
3095,抵達瑞北國
3096,抵達觀
3097,抹
3098,拂來
3099,拆卸
3100,拉
3101,拉庫
3102,拉氏
3103,拋棄
3104,拍
3105,拍下
3106,拍出
3107,拍廣告
3108,拍打
3109,拍照
3110,拍起
3111,拓地
3112,拓寬
3113,拖鞋
3114,拘留
3115,招待所
3116,招牌
3117,拜訪
3118,拱廊
3119,拱形
3120,拼接
3121,拼貼
3122,拾
3123,持續
3124,指
3125,指北緯
3126,指引
3127,指揮
3128,指標
3129,指由花蓮
3130,指示
3131,挑
3132,挑夫
3133,挑戰
3134,挑戰划
3135,挑戰性
3136,挑至
3137,挖掘出
3138,捉
3139,捕捉
3140,捕魚
3141,捕魚法
3142,捧腹大笑
3143,捨
3144,捲
3145,掃叭
3146,掃叭頂
3147,掉落
3148,掌管
3149,排列
3150,排煙
3151,排煙口
3152,排球
3153,掛滿
3154,掠而過
3155,採取
3156,採拾
3157,採摘
3158,採收
3159,採用
3160,採礦
3161,採自馬錫山
3162,探尋
3163,探索
3164,探訪
3165,探險
3166,探險島
3167,接下
3168,接力
3169,接台
3170,接地
3171,接待
3172,接管
3173,接續
3174,接著
3175,接觸
3176,接近
3177,接連著
3178,推出
3179,推動
3180,推動羅山
3181,推展
3182,推廣當代
3183,推廣觀
3184,推薦
3185,掩埋
3186,措施
3187,提供
3188,提前
3189,提督
3190,提著
3191,提醒
3192,插
3193,插秧
3194,換工
3195,換膚
3196,換裝
3197,損壞
3198,損害
3199,搖曳
3200,搖籃
3201,搞笑
3202,搬
3203,搭
3204,搭乘
3205,搭台
3206,搭建
3207,搭賞
3208,搭車
3209,搭造
3210,搭配
3211,摩托
3212,摸索
3213,摺
3214,撐
3215,撒
3216,撒網
3217,撥用
3218,撩人
3219,撫番
3220,播放
3221,撲面
3222,撿
3223,擁
3224,擁抱
3225,擁有
3226,擅
3227,擋
3228,操作
3229,擔心
3230,擔心會
3231,據
3232,據傳
3233,據點
3234,擠
3235,擠得
3236,擴建
3237,擺
3238,擺動
3239,擺置
3240,擺設
3241,擺飾
3242,攀岩
3243,攀爬
3244,攀緣過
3245,攀附
3246,攜帶
3247,攜手
3248,攝
3249,攝人
3250,攝影
3251,攝錄
3252,攤位
3253,攤商
3254,攤販
3255,支局
3256,支援
3257,支柱
3258,支流
3259,支線
3260,支脈
3261,收割
3262,收成
3263,收耕前
3264,收藏
3265,收費
3266,改建
3267,改成
3268,改為
3269,改稱
3270,改裝
3271,改裝成
3272,改變
3273,改造
3274,放
3275,放入
3276,放心
3277,放慢
3278,放映
3279,放棄
3280,放眼
3281,放眼望去
3282,放空
3283,放船
3284,放行
3285,放電
3286,政府
3287,政策
3288,故
3289,故事
3290,故又名
3291,故將
3292,故鄉
3293,效果
3294,救生
3295,救生衣
3296,教堂
3297,教士
3298,教室
3299,教科
3300,教練
3301,教義的
3302,教育
3303,散步
3304,散發
3305,散落
3306,散葉
3307,敬畏
3308,整修
3309,整個
3310,整個遊
3311,整備
3312,整座
3313,整建
3314,整排
3315,整條
3316,整治
3317,整片
3318,整理
3319,整花蓮
3320,整趟
3321,整體
3322,整體性
3323,整齊
3324,敵人
3325,敷
3326,數
3327,數一數
3328,數不勝數
3329,數人
3330,數人會
3331,數十個
3332,數得
3333,數架
3334,數條
3335,數百
3336,數百棵
3337,數遊
3338,數量
3339,文中
3340,文創
3341,文化
3342,文化局
3343,文史
3344,文建會
3345,文明
3346,文景
3347,文物
3348,文獻
3349,文蘭溪
3350,文青氣息
3351,斑蝶
3352,料理
3353,斜坡
3354,斜照
3355,斥資
3356,斧
3357,斯
3358,斯文
3359,斯維奇
3360,新
3361,新亮點
3362,新光
3363,新區
3364,新城
3365,新增
3366,新天堂
3367,新式
3368,新手
3369,新據點
3370,新月
3371,新村
3372,新機
3373,新港
3374,新灣
3375,新磯
3376,新社
3377,新興休
3378,新裝
3379,新視野
3380,新近
3381,新造型
3382,新長
3383,新鮮
3384,新鮮味
3385,斷
3386,斷層
3387,斷崖
3388,方
3389,方便
3390,方可
3391,方向
3392,方山
3393,方式
3394,方形
3395,方正
3396,方面
3397,於
3398,施
3399,施工
3400,旁
3401,旁即
3402,旁有
3403,旁有間
3404,旁花
3405,旁邊
3406,旁騎
3407,旅
3408,旅人
3409,旅客
3410,旅畫
3411,旅程
3412,旅等
3413,旅行
3414,旅記錄
3415,旅途
3416,旅遊
3417,旅遊及
3418,旅遊名
3419,旅遊地
3420,旅遊導覽
3421,旅遊據點
3422,旅遊路線
3423,旅館
3424,族人
3425,族群
3426,旗村
3427,日
3428,日久長
3429,日人
3430,日出
3431,日常
3432,日式
3433,日據
3434,日晷
3435,日本
3436,日本政府
3437,日治
3438,日治時
3439,日照
3440,日籍
3441,日落
3442,日語
3443,日警
3444,日警查
3445,早上
3446,早味
3447,早已
3448,早年
3449,早晚
3450,早期
3451,早餐
3452,旱稻
3453,旺季
3454,旺盛
3455,昆蟲
3456,明信片
3457,明媚
3458,明星
3459,明月
3460,明珠
3461,昏
3462,易
3463,易行
3464,昔日
3465,星宿
3466,星巴克
3467,星空
3468,星辰
3469,映
3470,映入
3471,映著
3472,映襯
3473,春來
3474,春夏
3475,春夏秋冬
3476,春天
3477,春日
3478,春花
3479,是
3480,是否
3481,是壺
3482,是條
3483,是民眾
3484,時
3485,時代
3486,時代感
3487,時代興建
3488,時代起
3489,時以
3490,時候
3491,時光
3492,時分
3493,時別
3494,時刻
3495,時刻陽
3496,時常
3497,時序
3498,時所
3499,時會
3500,時期
3501,時林業
3502,時檢
3503,時段
3504,時節
3505,時至
3506,時記
3507,時請
3508,時間
3509,時陽
3510,時鳴
3511,晃晃
3512,晚上
3513,晚霞
3514,晦螢
3515,晨昏
3516,晨間
3517,普通
3518,景
3519,景美
3520,景致
3521,景色
3522,景色宜人
3523,景觀
3524,景觀區
3525,景觀型
3526,景觀橋
3527,景觀步
3528,景象
3529,景點
3530,景點標
3531,景點步
3532,晴朗
3533,晴雨
3534,晶
3535,晶瑩
3536,智慧
3537,暑假
3538,暑氣
3539,暖
3540,暢快
3541,暢玩
3542,暢遊怡
3543,暫
3544,暴露
3545,曙光
3546,曝曬
3547,曠神怡
3548,曬
3549,曬傷
3550,曲
3551,曲徑
3552,曲折
3553,曲流
3554,曳
3555,更
3556,更加
3557,更是
3558,更為
3559,更肩
3560,更能
3561,更設
3562,更迭
3563,更顯
3564,更鮮
3565,書
3566,書店
3567,書裡面
3568,曼
3569,曼波
3570,曼波魚
3571,曾
3572,曾將
3573,替
3574,最
3575,最不缺
3576,最佳
3577,最優
3578,最具
3579,最初
3580,最南端
3581,最合適
3582,最吸睛
3583,最喜歡
3584,最壯觀
3585,最壯麗
3586,最多
3587,最夢幻
3588,最大
3589,最好
3590,最富
3591,最常見
3592,最廣
3593,最後一個
3594,最後抵
3595,最後沿
3596,最愛挑戰
3597,最愛的
3598,最早
3599,最明顯
3600,最易
3601,最為
3602,最熱門
3603,最特別
3604,最獨特
3605,最美
3606,最近
3607,最道
3608,最長
3609,最靠近
3610,最高
3611,會
3612,會來
3613,會先
3614,會將
3615,會經
3616,會經過
3617,會陸續
3618,月
3619,月亮
3620,月份
3621,月牙
3622,月眉
3623,月色
3624,月間
3625,有
3626,有三個
3627,有些
3628,有亞洲
3629,有人
3630,有個
3631,有入
3632,有利
3633,有助
3634,有南法
3635,有大
3636,有如
3637,有屬
3638,有平緩
3639,有座
3640,有感
3641,有所
3642,有所不同
3643,有斷
3644,有時
3645,有楓
3646,有機
3647,有涼亭
3648,有生
3649,有種
3650,有羅馬
3651,有美麗
3652,有義
3653,有興趣
3654,有著
3655,有解
3656,有許
3657,有趣
3658,有關
3659,有馬
3660,有點
3661,朋友
3662,服務
3663,服務台
3664,服裝
3665,服裝應
3666,望
3667,望去
3668,望海
3669,望遠
3670,望遠錯
3671,朝向
3672,朝夕
3673,朝日
3674,朝海
3675,期
3676,期受
3677,期待
3678,期興建
3679,期間
3680,期限
3681,木
3682,木屑
3683,木所
3684,木材
3685,木板
3686,木柵道
3687,木梯
3688,木棧
3689,木椅
3690,木構
3691,木樁
3692,木池
3693,木牌
3694,木瓜
3695,木等
3696,木舟
3697,木色
3698,木造
3699,木階
3700,木雕
3701,木頭
3702,木馬
3703,未來
3704,未受
3705,未通
3706,本園區
3707,本地
3708,本館
3709,本體
3710,朱雀
3711,朵
3712,材料
3713,材質
3714,村
3715,村三村
3716,村位
3717,村內
3718,村史
3719,村所
3720,村景觀
3721,村民
3722,村約
3723,村組成
3724,村落
3725,村間
3726,村風
3727,村魚
3728,杜鵑
3729,杜鵑花叢
3730,杞
3731,東
3732,東側
3733,東北
3734,東北季
3735,東南
3736,東台灣
3737,東大門
3738,東富
3739,東拓標
3740,東方
3741,東段
3742,東管
3743,東線
3744,東縣
3745,東翼
3746,東臨
3747,東至
3748,東西
3749,東西合
3750,東轉入
3751,東邊
3752,東部
3753,東里
3754,東鐵路
3755,松園
3756,松林
3757,松鼠
3758,板
3759,枕木
3760,林
3761,林中
3762,林務局
3763,林區
3764,林場
3765,林場員工
3766,林是
3767,林木
3768,林森
3769,林業
3770,林步
3771,林海
3772,林火
3773,林田
3774,林田山
3775,林相
3776,林立
3777,林蔭
3778,林道
3779,林間
3780,果
3781,果實
3782,果樹
3783,枝條
3784,枝葉
3785,枝葉間
3786,枝頭
3787,枯葉蝶
3788,架
3789,架子
3790,柏拉
3791,某件事
3792,柔美
3793,柔軟
3794,查哨
3795,柯樹聞名
3796,柱子
3797,柴
3798,柴魚
3799,柵欄
3800,校長
3801,栩栩
3802,根據
3803,格供
3804,格外
3805,栽多樣
3806,栽種
3807,桂
3808,桃竹苗
3809,桃花
3810,桌子
3811,桌椅
3812,桐花
3813,梅花
3814,梅花鹿
3815,條
3816,條最
3817,條步
3818,條水圳
3819,條總長
3820,條輕
3821,條適合
3822,條鐵道
3823,梯田
3824,棋布
3825,棋盤式
3826,棒
3827,棕櫚
3828,棟
3829,棧
3830,棧國
3831,棧村
3832,棧橋
3833,棧道
3834,森林
3835,森林浴
3836,森榮里
3837,棲息
3838,棲身
3839,椅上
3840,植些
3841,植物
3842,植被
3843,植許
3844,植赤
3845,植遍
3846,楊步
3847,楊牧
3848,楓
3849,楓林
3850,楓林步
3851,楓樹
3852,楓樹步
3853,楓葉
3854,楓葉紅
3855,楓香
3856,業
3857,業建築
3858,極低
3859,極佳
3860,極具
3861,極大
3862,極富
3863,極少
3864,極為
3865,極限
3866,極限運動
3867,極高人氣
3868,概念
3869,概況
3870,榕樹
3871,榕樹旁
3872,榻榻米
3873,構
3874,構圖
3875,構成
3876,構造
3877,槳
3878,樂
3879,樂園
3880,樂園位
3881,樂聲
3882,樂趣
3883,樑
3884,樓
3885,樓介紹
3886,樓梯
3887,樓梯口
3888,樓現
3889,標塔
3890,標式
3891,標本館
3892,標準
3893,標碑
3894,標示
3895,標章
3896,標縫
3897,標記
3898,標誌
3899,標語
3900,標高
3901,樞紐
3902,樟木
3903,樟楠類
3904,樟樹
3905,樟樹林
3906,模樣
3907,樣貌
3908,樸
3909,樸實
3910,樹
3911,樹上
3912,樹伐林
3913,樹叢
3914,樹木
3915,樹木散
3916,樹林
3917,樹林間
3918,樹枝
3919,樹梢
3920,樹湖
3921,樹脂釋
3922,樹蔭
3923,樹藤
3924,樹蛙
3925,樹類
3926,橋
3927,橋上
3928,橋上還
3929,橋下
3930,橋出
3931,橋前
3932,橋建
3933,橋後經
3934,橋旁
3935,橋時
3936,橋現
3937,橋西側
3938,橋觀
3939,橋身
3940,橋面
3941,橋頭
3942,橘黃色
3943,機
3944,機供
3945,機具
3946,機具外
3947,機場
3948,機會
3949,機村
3950,機械
3951,機火龍果
3952,機炸毀
3953,機率
3954,機補
3955,機車
3956,機車族
3957,機車頭
3958,機農
3959,機農業
3960,機關
3961,機黃豆
3962,橫亙
3963,橫貫
3964,橫越
3965,橫跨
3966,檔案
3967,檜木
3968,檢尺
3969,檯
3970,檳榔
3971,櫟
3972,櫻丹
3973,櫻花
3974,櫻花樹
3975,欄
3976,欄杆
3977,次
3978,次面
3979,欣欣
3980,欣航賞
3981,欣賞
3982,欣賞動
3983,欣賞婉
3984,欣賞羅山
3985,欲
3986,歇息
3987,歌舞
3988,歐亞板
3989,歐小鎮
3990,歐建築
3991,歐式
3992,歐法
3993,歐洲
3994,歐風格
3995,歡樂
3996,歡樂城
3997,歡樂街
3998,歡笑
3999,歡笑聲
4000,歡迎
4001,正
4002,正在
4003,正好
4004,正宗
4005,正對
4006,正常
4007,正式
4008,正待
4009,正是
4010,此
4011,此刻
4012,此區
4013,此區域
4014,此地
4015,此外
4016,此時
4017,此欣賞
4018,此段
4019,此現
4020,此種
4021,此能
4022,此興建
4023,此處
4024,此諮詢
4025,此賽
4026,此路
4027,此遊
4028,步
4029,步徑
4030,步程
4031,步行
4032,步道
4033,步道位
4034,步道則
4035,步道後段
4036,武嶺
4037,歲
4038,歷
4039,歷史
4040,歷年
4041,歷經
4042,歸
4043,歸帆
4044,歸線
4045,歸線標
4046,歸線界標
4047,死角
4048,殉職
4049,殖民
4050,段
4051,段則
4052,段步
4053,段路
4054,殷勤
4055,毀壞
4056,母愛的
4057,每
4058,每一
4059,每一個
4060,每一象
4061,每人
4062,每個
4063,每到
4064,每周三
4065,每天
4066,每年
4067,每座
4068,每張
4069,每棟
4070,每次
4071,每每
4072,每當
4073,每處
4074,每逢
4075,每週
4076,毒
4077,毒蛇
4078,毒蜂
4079,比
4080,比起
4081,毗鄰
4082,毛
4083,毛毛
4084,毫無違
4085,氏名
4086,民
4087,民國
4088,民國前
4089,民宅
4090,民宿
4091,民眾
4092,民間
4093,氛圍
4094,氣候
4095,氣味
4096,氣夢幻
4097,氣息
4098,氣氛
4099,氣泡
4100,氣的
4101,氣質
4102,氧化
4103,氫
4104,氫鈉
4105,氯化物
4106,水
4107,水上
4108,水公園
4109,水利
4110,水園區
4111,水地
4112,水圳
4113,水域
4114,水塘
4115,水尾
4116,水岸
4117,水後皮膚
4118,水手
4119,水晶
4120,水會
4121,水池
4122,水河
4123,水泥
4124,水洩不通
4125,水流
4126,水源
4127,水溝
4128,水瀑
4129,水災
4130,水為
4131,水璉
4132,水璉位
4133,水璉村
4134,水璉溪
4135,水生
4136,水生植物
4137,水產
4138,水稻
4139,水管
4140,水簾景觀
4141,水簾洞
4142,水線
4143,水色
4144,水蛭
4145,水質
4146,水路
4147,水量
4148,水雞油
4149,水面
4150,水鳥
4151,永續
4152,汗水
4153,汙染
4154,江口
4155,江布
4156,池內
4157,池則
4158,池南
4159,池南區
4160,池南國家
4161,池大約
4162,池水
4163,池畔
4164,池設
4165,池路
4166,池邊還
4167,池體驗
4168,污染
4169,汪家
4170,汽機車
4171,汽車
4172,沁
4173,沁涼
4174,沃野
4175,沉
4176,沉入
4177,沉寂
4178,沉積物
4179,沉靜
4180,沒
4181,沒多遠
4182,沒帶
4183,沒有
4184,沒有過
4185,沒沙灘
4186,沒盛地
4187,沒落
4188,沖
4189,沙
4190,沙坑
4191,沙岸
4192,沙洲
4193,沙灘
4194,沙發椅
4195,沙糖
4196,河口
4197,河堤
4198,河岸
4199,河川
4200,河床
4201,河段
4202,河流
4203,河畔
4204,河谷
4205,河道
4206,油桐
4207,油然而生
4208,油菜花
4209,油餅
4210,治理
4211,沼澤
4212,沿
4213,沿台
4214,沿岸
4215,沿海
4216,沿溪
4217,沿環
4218,沿用至今
4219,沿立川
4220,沿線
4221,沿著
4222,沿著台
4223,沿著拉庫
4224,沿著景
4225,沿著步
4226,沿著產業
4227,沿著白
4228,沿著立
4229,沿著階梯
4230,沿路
4231,沿路上
4232,沿途
4233,沿鐵馬棧
4234,沿階設立
4235,況
4236,泉
4237,泉水
4238,泉溫
4239,泉質
4240,泉質屬
4241,泉量
4242,法
4243,法則
4244,法國
4245,法家
4246,泛舟
4247,泡
4248,泡湯
4249,波
4250,波光粼粼
4251,波動
4252,波波
4253,波海
4254,泥
4255,泥岩
4256,泥火山
4257,注入
4258,注意
4259,注意安全
4260,泱泱
4261,洄
4262,洄瀾
4263,洄瀾港
4264,洄瀾灣
4265,洋式
4266,洋樓
4267,洗去
4268,洗手
4269,洗淨池
4270,洗滌
4271,洞
4272,洞中
4273,洞位
4274,洞內
4275,洞口
4276,洞四種
4277,洞天
4278,洞穴
4279,活力
4280,活動
4281,活動者
4282,活現
4283,活絡
4284,活耀起
4285,活血
4286,活躍
4287,活靈
4288,派出所
4289,流下
4290,流出
4291,流動
4292,流動時
4293,流口
4294,流向
4295,流水
4296,流盤旋
4297,流籠
4298,流經
4299,流線
4300,流通
4301,流連
4302,流露
4303,浣熊
4304,浩瀚
4305,浪大
4306,浪漫
4307,浪潮
4308,浪花
4309,浮具
4310,浮沉
4311,浮現
4312,浮載
4313,浴場
4314,海
4315,海上
4316,海口
4317,海域
4318,海堤
4319,海天
4320,海天一色
4321,海岸
4322,海岸公路
4323,海峽
4324,海崖
4325,海平面
4326,海底
4327,海彎
4328,海拔
4329,海拔高度
4330,海景
4331,海水
4332,海水浴
4333,海洋
4334,海洋生物
4335,海流
4336,海浪
4337,海濱
4338,海灘
4339,海灣
4340,海獅
4341,海獅秀
4342,海生
4343,海盜
4344,海盜灣
4345,海祭
4346,海線
4347,海菜
4348,海藻
4349,海蝕
4350,海蝕溝
4351,海視野
4352,海角
4353,海豚
4354,海象
4355,海路
4356,海邊
4357,海闊
4358,海關
4359,海防
4360,海面
4361,海風
4362,海風搖
4363,海鮮
4364,浸泡
4365,涂媽
4366,消暑
4367,消費
4368,涓涓
4369,涵意
4370,涵洞
4371,涼亭
4372,涼水
4373,涼爽
4374,涼風
4375,淙
4376,淙淙
4377,淡遠
4378,淤積
4379,淨
4380,淨土
4381,深
4382,深入
4383,深刻
4384,深刻印象
4385,深厚
4386,深受
4387,深呼吸
4388,深埋
4389,深層
4390,深峻
4391,深幽
4392,深度
4393,深秋
4394,深紅
4395,深藍色
4396,深處
4397,深谷
4398,深足
4399,深達
4400,混凝土
4401,混水
4402,淹
4403,添加
4404,清幽
4405,清新
4406,清晨
4407,清晰
4408,清朝
4409,清楚
4410,清水
4411,清涼
4412,清溪
4413,清潔
4414,清澈
4415,清爽
4416,清脆
4417,清適
4418,清香
4419,減少
4420,減碳
4421,減糖
4422,渡假
4423,渡假村
4424,渡船
4425,渡過
4426,港區
4427,港口
4428,港溪
4429,港澳
4430,港濱路
4431,游
4432,游泳
4433,渾然
4434,湍急
4435,湖
4436,湖上
4437,湖中
4438,湖光山色
4439,湖國
4440,湖村
4441,湖橋
4442,湖步
4443,湖水
4444,湖沼
4445,湖泊
4446,湖面
4447,湛藍得
4448,湧出
4449,湧泉
4450,湯
4451,湯一邊
4452,湯到
4453,湯姆熊
4454,湯泉
4455,湯液
4456,湯花
4457,湯頭
4458,源自
4459,準備
4460,準型
4461,準時
4462,準裡
4463,溜滑梯
4464,溪
4465,溪中
4466,溪切
4467,溪口
4468,溪旁
4469,溪水
4470,溪流
4471,溪畔
4472,溪白
4473,溪皆位
4474,溪谷
4475,溪邊
4476,溫
4477,溫度
4478,溫暖
4479,溫泉
4480,溫泉區
4481,溫泉會館
4482,溫泉業者後方
4483,溫泉花
4484,溫馨
4485,溯
4486,溼
4487,溼地
4488,溼度
4489,滋味
4490,滋養
4491,滑
4492,滑梯
4493,滑水
4494,滑著
4495,滔天
4496,滲入
4497,滲水
4498,滾
4499,滿
4500,滿天
4501,滿妹
4502,滿山
4503,滿布
4504,滿滿
4505,滿熱情
4506,滿當代
4507,滿足
4508,滿足民眾
4509,漁場
4510,漁市
4511,漁市場
4512,漁會
4513,漁村
4514,漁業
4515,漁港
4516,漁獲
4517,漁船
4518,漂流
4519,漂砂
4520,漏出
4521,演化
4522,演海
4523,演變
4524,漢人
4525,漫步
4526,漫畫家
4527,漫草
4528,漫著
4529,漫遊
4530,漲落
4531,漸少
4532,漸漸
4533,漸趨
4534,潔淨
4535,潔淨湛
4536,潔白
4537,潛水
4538,潛水及
4539,潤滑
4540,潭
4541,潭水
4542,潭線
4543,潭遊
4544,潮汐
4545,潮池
4546,潮間
4547,潺潺
4548,潺潺流水
4549,澄
4550,澄清
4551,澄潭躍鯉
4552,澄澈
4553,澱
4554,激昂
4555,激流
4556,激盪
4557,激起
4558,濁
4559,濃厚
4560,濃密
4561,濃濃
4562,濃縮
4563,濃郁
4564,濕
4565,濕地
4566,濕度
4567,濯
4568,濱
4569,濱海
4570,濱路
4571,瀉
4572,瀑
4573,瀑布
4574,瀑平
4575,瀑步
4576,瀕臨
4577,瀰
4578,瀾
4579,灌木
4580,灌溉
4581,灑落
4582,灘
4583,灘上
4584,灘位
4585,灘和
4586,灘時會
4587,灘與蔚
4588,灣
4589,灣一處
4590,灣嘉義縣
4591,灣好行
4592,灣小百岳
4593,灣層
4594,灣彌猴
4595,灣推動
4596,灣東部
4597,灣林業
4598,灣欒樹
4599,灣欒樹會
4600,灣的
4601,灣盡
4602,灣總
4603,火
4604,火山
4605,火成岩
4606,火柴盒
4607,火紅色
4608,火車
4609,火車過
4610,火鍋
4611,火龍果
4612,灰喉
4613,灰甲澤蟹
4614,災修
4615,災民
4616,炎炎
4617,炙熱
4618,炸水
4619,炸魚
4620,為
4621,為丹麥
4622,為主
4623,為主軸
4624,為主題
4625,為合
4626,為名
4627,為弱
4628,為民眾
4629,為池
4630,為現
4631,為白
4632,為謙卑
4633,為遊
4634,烏頭
4635,烘培
4636,烤
4637,烤肉
4638,無
4639,無一
4640,無停
4641,無垠
4642,無慮
4643,無敵
4644,無毒
4645,無疑
4646,無窮
4647,無糞
4648,無論
4649,無車輛
4650,無進
4651,無邊
4652,無邊際
4653,無限砂
4654,無際
4655,無障礙
4656,然
4657,然後搭賞
4658,煙裝置
4659,照
4660,照明
4661,照片
4662,照耀
4663,煩愁
4664,煩憂
4665,熟知
4666,熱帶
4667,熱情
4668,熱愛泡湯
4669,熱愛這裡
4670,熱時
4671,熱歌
4672,熱氣
4673,熱門
4674,熱門步
4675,熱鬧
4676,燈光
4677,燈塔
4678,燈塔旁
4679,燈塔處
4680,燈後右
4681,燈火
4682,燈籠
4683,燕山
4684,營區
4685,營地絕
4686,營造
4687,營運
4688,營養
4689,燦爛
4690,爆滿
4691,爆發
4692,爆紅景點
4693,爬
4694,爬升
4695,爭
4696,爭取
4697,爭相
4698,牆
4699,牆上
4700,牆彩繪
4701,牆面
4702,片刻
4703,片山
4704,片麻岩
4705,版
4706,牌
4707,牌以
4708,牌坊
4709,牌樓
4710,牌示
4711,牛
4712,牛奶
4713,牛山
4714,牛山位
4715,牛山站
4716,牛花
4717,牛車
4718,牠
4719,牡丹
4720,牧場
4721,牧牛
4722,牧草
4723,物
4724,物件
4725,物區
4726,物品
4727,物種
4728,物資
4729,特別
4730,特定
4731,特性
4732,特有
4733,特殊
4734,特產
4735,特色
4736,特色美食
4737,特賣展
4738,牽
4739,犧牲
4740,狀
4741,狀如
4742,狀態
4743,狀況
4744,狗
4745,狹窄
4746,猛禽
4747,猴群
4748,猶如
4749,獨
4750,獨具
4751,獨厚
4752,獨有
4753,獨特
4754,獨特場
4755,獨特景觀
4756,獨立
4757,獲
4758,獲選為
4759,獲金氏
4760,獵捕
4761,獼猴
4762,玄武
4763,玉
4764,玉垣
4765,玉富
4766,玉山
4767,玉石
4768,玉蘭花
4769,玉里
4770,玉里鎮
4771,王國
4772,王國及
4773,王壯
4774,王挑戰
4775,王菲
4776,玩
4777,玩一場
4778,玩具
4779,玩家
4780,玩東
4781,玩樂
4782,玩水
4783,玩沙
4784,玫瑰花
4785,玻璃
4786,玻璃屋
4787,珊瑚
4788,珊瑚礁
4789,珍貴
4790,班
4791,班哨
4792,現一個
4793,現今
4794,現代感
4795,現出
4796,現南
4797,現在
4798,現場
4799,現實
4800,現掛
4801,現稱
4802,現給
4803,現行
4804,現象
4805,球花
4806,理念
4807,理想
4808,琤
4809,瑞港
4810,瑞穗
4811,瑪卡
4812,環保
4813,環保公園
4814,環保步
4815,環境
4816,環山步
4817,環抱
4818,環景
4819,環溪步
4820,環潭
4821,環潭步
4822,環狀步
4823,環繞
4824,環鎮
4825,環頸
4826,環顧
4827,瓦
4828,瓦拉
4829,甕
4830,甘蔗
4831,甘醇
4832,甚是
4833,甚至
4834,甜品
4835,甜塔及
4836,甜點
4837,生
4838,生動
4839,生命
4840,生命力
4841,生存
4842,生態
4843,生態區
4844,生態系
4845,生態館
4846,生成
4847,生機
4848,生活
4849,生物
4850,生生不息
4851,生產
4852,生產區域
4853,生男之泉
4854,生育
4855,生長
4856,產
4857,產品
4858,產地
4859,產業
4860,產生
4861,產豐富
4862,用
4863,用心
4864,用途
4865,用餐
4866,田
4867,田區
4868,田園
4869,田地
4870,田埂
4871,田埔生
4872,田埔生態
4873,田埔貯
4874,田野
4875,由
4876,由光
4877,由北往
4878,由南向北
4879,由大
4880,由富里
4881,由此
4882,由磯崎
4883,由舊
4884,由菲律
4885,由落
4886,由遊客
4887,由過
4888,由高處
4889,甲
4890,申請
4891,申請入
4892,男孩
4893,男廁
4894,町
4895,界碑
4896,畔
4897,留下
4898,留存
4899,留影
4900,留心
4901,留意
4902,留有
4903,略
4904,畦
4905,番薯
4906,畫
4907,畫作
4908,畫眉
4909,畫裡般
4910,畫面
4911,異想
4912,異草
4913,當
4914,當代
4915,當作
4916,當初
4917,當前
4918,當地
4919,當地民眾
4920,當大
4921,當年
4922,當日
4923,當時
4924,當然
4925,當鐵質
4926,疊
4927,疲倦
4928,疲憊
4929,疲累
4930,病
4931,病及
4932,症狀
4933,症者
4934,痕跡
4935,瘋迷
4936,療效
4937,癒
4938,癡
4939,癮
4940,癲癇
4941,登上
4942,登全國
4943,登場
4944,登山
4945,登楓
4946,登溪
4947,登錄
4948,登高
4949,發
4950,發光
4951,發展
4952,發展史
4953,發展將
4954,發現
4955,發現魚
4956,發生
4957,發生過
4958,發遊
4959,發達
4960,發酵過
4961,發電廠
4962,白
4963,白天
4964,白川
4965,白楊步
4966,白沙
4967,白浪
4968,白猴
4969,白砂糖
4970,白腹
4971,白色
4972,白芒
4973,白花
4974,白虎
4975,白雲兩
4976,白雲和陽光
4977,白雲山青
4978,白鷺橋
4979,百公里
4980,百合
4981,百合花
4982,百坪
4983,百大
4984,百尺
4985,百年
4986,百年老
4987,百看
4988,百餘年
4989,的
4990,的戲
4991,的橋
4992,的療
4993,的紅
4994,的絕
4995,的花海
4996,皆
4997,皆宜
4998,皆知
4999,皮
5000,皮膚
5001,盆地
5002,盈虧
5003,盎然
5004,盛
5005,盛傳
5006,盛名
5007,盛夏
5008,盛放
5009,盛況
5010,盛產
5011,盛行
5012,盛開時
5013,盜
5014,盡
5015,盡入
5016,盡情
5017,盡收
5018,盡量
5019,盡頭
5020,監督
5021,監視
5022,盤
5023,盤式
5024,盤旋
5025,盧停
5026,盪
5027,目光
5028,目前
5029,目標
5030,目的地
5031,目睹
5032,目西
5033,目開
5034,盲犬
5035,直
5036,直徑
5037,直抵
5038,直接
5039,直瀉
5040,直立
5041,直至
5042,直走
5043,直通
5044,直達
5045,直達山
5046,相
5047,相互
5048,相伴
5049,相似
5050,相依
5051,相信
5052,相傳
5053,相同
5054,相宜
5055,相屬
5056,相接
5057,相映
5058,相框
5059,相機
5060,相比
5061,相當
5062,相約
5063,相繼
5064,相繼盛開
5065,相較
5066,相連
5067,相遇
5068,相鄰
5069,相間
5070,相關
5071,相隔
5072,盹
5073,省道
5074,眉
5075,眉山
5076,看
5077,看似
5078,看到
5079,看向
5080,看山
5081,看海
5082,看海時
5083,看看
5084,看船
5085,看著
5086,看見
5087,看見些
5088,看起
5089,看過
5090,看鄰
5091,看鯨豚
5092,真正
5093,真的
5094,真面目
5095,眷村
5096,眷舍
5097,眺望
5098,眺步
5099,眺浪
5100,眺秀
5101,眼
5102,眼中
5103,眼前
5104,眼底
5105,眼畫
5106,眼福
5107,眼簾
5108,眾人
5109,眾多
5110,眾多水
5111,督府
5112,瞧
5113,瞬間
5114,瞭
5115,瞭望
5116,瞭望台
5117,瞭解
5118,矗立
5119,知卡
5120,知卡宣
5121,知名
5122,知性
5123,知識
5124,知道
5125,短
5126,短短
5127,短緩
5128,矮樹叢
5129,石
5130,石不夠
5131,石公園
5132,石刻
5133,石塊
5134,石壁
5135,石山
5136,石崖
5137,石廣場
5138,石景
5139,石板
5140,石柱
5141,石梯
5142,石海
5143,石灰岩
5144,石燈
5145,石英
5146,石藝
5147,石郵筒
5148,石鑿步
5149,石門
5150,石門班
5151,石門遊
5152,石階
5153,石雕
5154,石頭
5155,石龜
5156,砂卡
5157,砂婆
5158,砂灘
5159,砂頁
5160,砍
5161,研吾
5162,研究
5163,研究院
5164,砲
5165,破壞
5166,硫化
5167,硫酸
5168,硬
5169,碉堡
5170,碎石
5171,碑
5172,碑旁
5173,碑林
5174,碑紀念
5175,碑間
5176,碧
5177,碧海
5178,碰撞
5179,碰點
5180,碳
5181,碳酸
5182,確切
5183,確會
5184,確認
5185,碼頭
5186,碼頭外
5187,磁磚
5188,磅
5189,磚造
5190,磯
5191,礑
5192,礡
5193,礦
5194,礦區
5195,礦場
5196,礦物質
5197,礦石
5198,礦館
5199,礫
5200,礫灘
5201,社區
5202,社海
5203,社海崖
5204,祕
5205,祖先
5206,祖宗
5207,神
5208,神奇
5209,神戶
5210,神木
5211,神社
5212,神秘
5213,祥
5214,祭
5215,祭典
5216,祭場
5217,祭廣場
5218,禁止
5219,福斯
5220,福爾摩沙
5221,福町
5222,福磯斷
5223,福興村
5224,福音
5225,禮一條
5226,禮之旅
5227,禮區
5228,禮物
5229,禾
5230,秀
5231,秀及
5232,秀姑巒
5233,秀姑漱玉
5234,秀林
5235,秀美
5236,秀麗
5237,秀麗風光
5238,私人
5239,私房
5240,秋
5241,秋之雪
5242,秋冬
5243,秋初
5244,秋天
5245,秋季
5246,秋日
5247,秋楓
5248,科
5249,科學
5250,科樹木
5251,秒
5252,秘境
5253,秘密
5254,租
5255,租借
5256,租台
5257,租車
5258,秧雞
5259,移居
5260,移民
5261,程大約
5262,程度
5263,程約
5264,稍
5265,稍作
5266,稍佳者
5267,稍微
5268,稍熱
5269,稜
5270,種
5271,種喬木及
5272,種子
5273,種植
5274,種植技術
5275,種植金針
5276,種類
5277,稱
5278,稱作
5279,稱為
5280,稻
5281,稻浪
5282,稻田
5283,稻穗
5284,稻米
5285,稻草
5286,積共約
5287,積大約
5288,積扇
5289,積水
5290,積水成
5291,穩
5292,穩定
5293,穫
5294,穴景
5295,究竟
5296,空中
5297,空交錯
5298,空地
5299,空氣
5300,空間
5301,空間將
5302,穿
5303,穿梭
5304,穿著
5305,穿越
5306,穿透
5307,穿透性
5308,穿過
5309,穿針
5310,穿黃色
5311,突出
5312,窗框
5313,窯
5314,窺
5315,窺探
5316,立下
5317,立川
5318,立式
5319,立得
5320,立牌
5321,立竿
5322,立著
5323,立雲站
5324,立霧
5325,立體
5326,站
5327,站外
5328,站牌
5329,站現
5330,站立
5331,童
5332,童話
5333,童趣
5334,童遊樂場
5335,端
5336,端水
5337,端的
5338,端點
5339,競技場
5340,竹
5341,竹子
5342,竹林
5343,竹竿
5344,竿
5345,笑
5346,笛器
5347,符合
5348,第一
5349,第一印象
5350,第一家
5351,第一座
5352,第一段
5353,第一站
5354,第一道
5355,第三
5356,第二
5357,第五
5358,第六
5359,第四
5360,筆直
5361,筆筒
5362,等
5363,等場
5364,等待
5365,等等
5366,筋骨
5367,筏
5368,筏捕
5369,算
5370,算是
5371,算準
5372,管
5373,管制
5374,管理
5375,管理中心
5376,管處
5377,管轄
5378,管道
5379,箱
5380,節
5381,節氣
5382,節目
5383,節約
5384,節蟲
5385,範圍
5386,築夢踏食
5387,築港
5388,簡介
5389,簡單
5390,簡報
5391,簡易
5392,簡樸
5393,簡稱
5394,籠
5395,籠及
5396,米
5397,米代
5398,米代榮
5399,米則
5400,米山屋
5401,米崙山
5402,米棧
5403,米步
5404,米產地
5405,米種
5406,米酒
5407,米食
5408,米黃色
5409,粉
5410,粉色
5411,粒粒
5412,粗曠
5413,粗繩
5414,粼粼
5415,粽大快
5416,精
5417,精光
5418,精品
5419,精彩
5420,精心
5421,精油
5422,精神
5423,精美
5424,精華
5425,精靈
5426,糕
5427,糖
5428,糖廠
5429,糖業
5430,糧
5431,糯米
5432,糰
5433,系統
5434,紀念
5435,紀念界標
5436,紀念碑
5437,紀錄
5438,紀錄片
5439,約
5440,紅
5441,紅冠水
5442,紅刺
5443,紅及
5444,紅糖
5445,紅綠
5446,紅色
5447,紅葉
5448,紅葉溪
5449,紅褐
5450,紅讓
5451,紅面
5452,紋
5453,紋理
5454,紋石
5455,紋路質
5456,紐約
5457,紓
5458,純
5459,純淨
5460,級
5461,紛呈
5462,紛飛
5463,素以
5464,素材
5465,索道
5466,紫端
5467,紫色
5468,紫薇
5469,紫顏色
5470,紮
5471,累
5472,細
5473,細嫩
5474,細白
5475,細看
5476,細砂
5477,細節
5478,細細
5479,細縫
5480,細蝶
5481,細語
5482,終年
5483,終至
5484,終點
5485,終點位
5486,組成
5487,結
5488,結伴
5489,結合
5490,結婚
5491,結束
5492,結果
5493,結構
5494,絕世
5495,絕佳
5496,絕佳場
5497,絕佳賞
5498,絕壁
5499,絕妙
5500,絕對
5501,絕美
5502,絕美觀
5503,絕險
5504,絢麗
5505,給人
5506,給震攝
5507,絲
5508,絹
5509,經
5510,經修
5511,經典
5512,經台
5513,經常
5514,經年
5515,經意
5516,經池
5517,經濟
5518,經營
5519,經由
5520,經由華
5521,經縣
5522,經花
5523,經過
5524,經過羅山
5525,經驗
5526,綜橫
5527,綠
5528,綠地
5529,綠山
5530,綠建築
5531,綠意
5532,綠水
5533,綠水步
5534,綠水間
5535,綠繡眼
5536,綠色
5537,綠茶
5538,綠葉
5539,綠轉
5540,綠頭
5541,維納斯藝
5542,維護
5543,維護及
5544,維護親
5545,綱領
5546,網
5547,網友
5548,網站
5549,網紅
5550,網美
5551,網美必
5552,綺麗
5553,綻
5554,綻放
5555,綻放及
5556,綿延
5557,綿延不絕
5558,綿延壯觀
5559,綿延壯麗
5560,綿長
5561,緃
5562,緊
5563,緊張
5564,緊臨
5565,緊防竊
5566,緊靠
5567,線
5568,線上
5569,線並
5570,線及
5571,線大約
5572,線往
5573,線新豐
5574,線時
5575,線濱海
5576,線由北
5577,線約
5578,線經
5579,線線
5580,線路邊
5581,緝
5582,編排
5583,編織
5584,編纂
5585,緩
5586,緩坡
5587,緩好
5588,緩路
5589,緩降
5590,緬懷
5591,緬懷過
5592,緯度
5593,緯線
5594,緻
5595,縝密
5596,縣
5597,縣定
5598,縣市
5599,縣志
5600,縣政
5601,縣級
5602,縣道
5603,縫隙
5604,縱情
5605,縱橫
5606,縱覽
5607,縱谷
5608,縱谷秀
5609,縱谷間
5610,總占
5611,總是
5612,總會
5613,總站
5614,總統府
5615,總長
5616,總開
5617,繁忙
5618,繁榮
5619,繁生
5620,繞
5621,繞經
5622,繞過
5623,繡
5624,繩
5625,繫
5626,繼福
5627,繼續
5628,繽紛
5629,纓
5630,罕見
5631,置
5632,置身
5633,署
5634,羅
5635,羊肉
5636,羊腸小徑
5637,美
5638,美不勝收
5639,美人們
5640,美人湯
5641,美人魚
5642,美名
5643,美味
5644,美女
5645,美好
5646,美崙
5647,美崙山
5648,美崙山步
5649,美崙溪
5650,美崙站
5651,美式
5652,美感
5653,美時
5654,美景
5655,美的
5656,美繼續
5657,美術
5658,美軍飛
5659,美食
5660,美食街
5661,美麗
5662,美麗之島
5663,美麗海灘
5664,美麗險境
5665,群
5666,群山
5667,群舞
5668,羽化
5669,羽松
5670,羽狀
5671,羽色
5672,翁
5673,翅
5674,翅蝠
5675,習性
5676,習習
5677,翠
5678,翠玉
5679,翠綠
5680,翠鳥
5681,翱翔
5682,翻修
5683,翻滾
5684,翻牆
5685,翻版
5686,翻越
5687,翻轉
5688,耀
5689,老
5690,老人家
5691,老字號
5692,老少皆宜
5693,老師
5694,老店
5695,老建築
5696,老樹
5697,老機台
5698,老照片
5699,老物創
5700,老物陳列
5701,老舊
5702,老道
5703,考古
5704,而
5705,而且
5706,而位
5707,而來
5708,而多數
5709,而後在
5710,而成
5711,而橋
5712,而立
5713,而能
5714,而花蓮
5715,而荒
5716,而行
5717,而過
5718,而遠
5719,而鳳林
5720,耍
5721,耕作
5722,耕土
5723,耕種
5724,耗時
5725,耳
5726,聆
5727,聊天
5728,聖
5729,聖寺
5730,聖文
5731,聚落
5732,聚集
5733,聞到
5734,聞名
5735,聯絡
5736,聲
5737,聲中
5738,聲響
5739,聳
5740,聳立
5741,聳翠
5742,職人
5743,聽
5744,聽海聲
5745,聽濤
5746,聽著解
5747,聽蟬
5748,肉圓
5749,肚子
5750,肥料
5751,育
5752,育區
5753,育樂景點
5754,育鐵
5755,肺
5756,胃
5757,胃腸病
5758,背
5759,背景
5760,背著
5761,能
5762,能以
5763,能夠
5764,能將
5765,能欣賞
5766,能維持
5767,能量
5768,脈
5769,脊
5770,脊嶺丹
5771,脫下
5772,腳
5773,腳力
5774,腳印
5775,腳步
5776,腳踏車
5777,腸胃
5778,腹地
5779,腹鷹
5780,膠鞋
5781,臥擁
5782,臥虎
5783,臨
5784,臨崖
5785,臨時
5786,臨海
5787,臨海區域
5788,臨花
5789,自
5790,自中橫
5791,自二子
5792,自備
5793,自家
5794,自山
5795,自己
5796,自強
5797,自海
5798,自然
5799,自然人
5800,自然而然
5801,自用
5802,自由
5803,自給
5804,自行
5805,自足
5806,自身
5807,自體
5808,臭氣
5809,至
5810,至五間
5811,至今
5812,至今已有
5813,至南側
5814,至大約
5815,至斷
5816,至於
5817,至東
5818,至此
5819,至池
5820,至現
5821,至的關
5822,至磯崎之間
5823,至羅山
5824,至臨
5825,至花蓮
5826,臺
5827,臼齒
5828,與
5829,與民間
5830,與眾
5831,與紅
5832,與馬場
5833,興建
5834,興景點
5835,興泉圳
5836,興米棧
5837,興起
5838,興路後前
5839,興鑿
5840,舉凡
5841,舉目
5842,舉辦
5843,舊
5844,舊名
5845,舊國
5846,舊址
5847,舊時
5848,舊橋
5849,舊稱
5850,舊花蓮港
5851,舊鐵道
5852,舊長
5853,舒
5854,舒爽
5855,舒緩
5856,舒適
5857,舖
5858,舞鶴
5859,舞鶴及
5860,舞鶴村
5861,航往
5862,航行
5863,航遍
5864,般
5865,般的
5866,船
5867,船上
5868,船作業
5869,船供
5870,艘
5871,良三郎
5872,良好
5873,良里溪長
5874,艱辛
5875,艱難
5876,色
5877,色彩
5878,色澤
5879,色系
5880,艷陽
5881,艾
5882,芋
5883,芙
5884,芬多
5885,芬多精
5886,芬芳
5887,芭崎
5888,芭崎站
5889,花
5890,花丁子
5891,花卉
5892,花叢間
5893,花園
5894,花季
5895,花崗山
5896,花崗岩
5897,花木
5898,花東
5899,花東鐵
5900,花毯
5901,花池
5902,花海
5903,花盛產
5904,花盛開
5905,花草
5906,花蓮
5907,花蓮之美
5908,花蓮人
5909,花蓮光
5910,花蓮北濱
5911,花蓮區
5912,花蓮南區
5913,花蓮南濱
5914,花蓮台
5915,花蓮境
5916,花蓮壽
5917,花蓮壽豐
5918,花蓮大橋
5919,花蓮客
5920,花蓮山
5921,花蓮市
5922,花蓮廠
5923,花蓮往
5924,花蓮必
5925,花蓮文
5926,花蓮時
5927,花蓮景
5928,花蓮林
5929,花蓮林區
5930,花蓮港
5931,花蓮港務
5932,花蓮港景
5933,花蓮溪
5934,花蓮漁業
5935,花蓮漁港
5936,花蓮濱
5937,花蓮現
5938,花蓮環
5939,花蓮站
5940,花蓮糖
5941,花蓮線
5942,花蓮縣
5943,花蓮美麗
5944,花蓮舊
5945,花蓮觀
5946,花蓮販
5947,花蓮趣
5948,花蓮遊
5949,花蓮遊客
5950,花蓮遠雄
5951,花蓮酒
5952,花蓮鐵道
5953,花蓮首
5954,花蓮鳥
5955,花蕊
5956,花車
5957,花香
5958,苗圃
5959,若
5960,若少
5961,若遊客
5962,若選擇
5963,苦花魚
5964,英姿
5965,英文版
5966,英版
5967,英親
5968,英雄
5969,茂密
5970,茂盛
5971,茶
5972,草原
5973,草叢間
5974,草地
5975,草坪
5976,草場
5977,草木
5978,草皮
5979,荒廢
5980,荒煙
5981,荒蕪
5982,荖
5983,荷花
5984,莊園
5985,莊園般
5986,莫
5987,莫氏
5988,菜單
5989,華中
5990,菱角
5991,菲律
5992,菸
5993,菸草
5994,萬
5995,萬中
5996,萬元
5997,萬壑間
5998,萬株
5999,萬物
6000,萬種
6001,萱
6002,落下
6003,落入
6004,落到
6005,落差
6006,落景觀
6007,落水
6008,落石
6009,落羽松
6010,落腳
6011,葉中
6012,葉有
6013,葉樹林
6014,葉片
6015,著
6016,著來
6017,著古樸
6018,著名
6019,著廣闊
6020,著手
6021,著木欄
6022,著木階步
6023,著樹
6024,著檳榔
6025,著步
6026,著海
6027,著瓦
6028,著稱
6029,著美麗
6030,著舊
6031,著農村
6032,著重
6033,著鏡子
6034,著陽光
6035,著風
6036,葡萄牙人
6037,葬身
6038,蒞臨
6039,蒴果
6040,蒼勁
6041,蒼翠
6042,蒼鬱
6043,蒼鷹
6044,蒼龍
6045,蓊鬱
6046,蓬草
6047,蓮
6048,蓮港
6049,蓮港車
6050,蓮花田
6051,蔔
6052,蔗糖
6053,蔚
6054,蔚為
6055,蔚然
6056,蔚藍
6057,蔥
6058,蔬果
6059,蕁麻
6060,蕃
6061,蕃薯
6062,蕨
6063,蕨類
6064,蕭
6065,蕭老師
6066,蕾
6067,薰天
6068,薰陶
6069,藉
6070,藉此
6071,藍
6072,藍天
6073,藍海中
6074,藍綠
6075,藍綠色
6076,藍色
6077,藏
6078,藏身
6079,藝
6080,藝品
6081,藝廊
6082,藝文
6083,藝文活
6084,藝術
6085,藝術品
6086,藝術園
6087,藝術家
6088,藤蔓
6089,藻類
6090,蘇花
6091,蘊藏
6092,蘊藏著
6093,蘿
6094,虎
6095,虎頭
6096,虎頭山
6097,處
6098,處來
6099,處即
6100,處可見
6101,處右
6102,處因
6103,處外
6104,處富祥橋
6105,處形
6106,處時
6107,處有
6108,處現
6109,處白
6110,處管
6111,處翠綠
6112,處能
6113,處處
6114,處見
6115,處設
6116,處長
6117,處順橋
6118,號
6119,號倉
6120,號店
6121,號橋
6122,虱目
6123,虹
6124,虹影
6125,虹橋
6126,蛇
6127,蛇紋石
6128,蛇類
6129,蛋
6130,蛋白
6131,蛋糕
6132,蛋蔥
6133,蛋餅
6134,蛙類
6135,蛹
6136,蜂擁
6137,蜂蝶
6138,蜆
6139,蜥蜴
6140,蜻蜓
6141,蜿蜒
6142,蝕
6143,蝦
6144,蝴蝶
6145,蝴蝶谷
6146,蝶舞
6147,融入
6148,融合
6149,融為
6150,螢光
6151,螢火蟲
6152,螺
6153,螺山
6154,螺旋
6155,螺貝類
6156,蟋蟀
6157,蟬鳴
6158,蟲
6159,蟲蚊
6160,蟲鳴
6161,蟹
6162,蟻
6163,蟾蜍
6164,血液
6165,行人
6166,行列
6167,行前
6168,行包
6169,行政
6170,行政院
6171,行步
6172,行程
6173,行經
6174,行者
6175,行至
6176,行走
6177,行路
6178,行銷
6179,行駛
6180,行駛台
6181,行駛至
6182,術
6183,街
6184,街則
6185,街景
6186,街社
6187,街能
6188,街道
6189,衝浪
6190,衝浪池
6191,衝突
6192,衣服
6193,衣物
6194,表徵
6195,表演
6196,表面
6197,袋內
6198,袖
6199,被
6200,裁撤
6201,裂縫
6202,補
6203,補充
6204,裝
6205,裝入
6206,裝潢
6207,裝置
6208,裝車
6209,裝車並
6210,裝飾
6211,裡
6212,裡一樣
6213,裡不時
6214,裡多處
6215,裡的
6216,裡面
6217,裸露
6218,製
6219,複
6220,褐樹蛙
6221,襯出
6222,襯托出
6223,襯著
6224,襲位
6225,襲奪
6226,西
6227,西側
6228,西元
6229,西北
6230,西南
6231,西方
6232,西段
6233,西洋
6234,西起
6235,西邊
6236,西邊則
6237,要
6238,要來
6239,要塞
6240,覆蓋
6241,見
6242,見步
6243,見證
6244,見面
6245,規則
6246,規劃
6247,規劃成
6248,規劃過
6249,規律
6250,規模
6251,規畫
6252,規畫東
6253,規矩
6254,覓
6255,視實際
6256,視現
6257,視線
6258,視覺
6259,視野
6260,親
6261,親健
6262,親及
6263,親子
6264,親子遊
6265,親子雙
6266,親密
6267,親山線
6268,親手
6269,親水
6270,親水園區
6271,親水遊
6272,親眼
6273,親自到
6274,親身
6275,親近
6276,親餵
6277,覺得
6278,觀
6279,觀光
6280,觀光勝地
6281,觀光客
6282,觀光時
6283,觀堪稱
6284,觀察
6285,觀察到
6286,觀察東
6287,觀察潮間
6288,觀察著
6289,觀察野鳥
6290,觀星
6291,觀景
6292,觀景台
6293,觀景平
6294,觀景時
6295,觀景步
6296,觀景花蓮
6297,觀橋
6298,觀止
6299,觀步
6300,觀海
6301,觀海平
6302,觀看
6303,觀眾
6304,觀蝶
6305,觀賞
6306,觀鳥
6307,角度
6308,角色
6309,解
6310,解池
6311,解說
6312,解開
6313,觸目
6314,言中
6315,訊息
6316,討喜
6317,討論
6318,託
6319,記得
6320,記念碑
6321,記憶
6322,記載
6323,記錄
6324,訪
6325,訪時
6326,訪景點
6327,設
6328,設備
6329,設施
6330,設有
6331,設木棧
6332,設立
6333,設約
6334,設置
6335,設計
6336,許可才
6337,許多
6338,許多人
6339,許多候
6340,許多共融
6341,許多古
6342,許多條
6343,許多步
6344,許多遊
6345,許多遊客
6346,許棋
6347,許的
6348,訴說
6349,註
6350,評不斷
6351,詢室
6352,詢服務
6353,詢相關
6354,試秀
6355,試試
6356,詩人
6357,詩意
6358,詩歌節
6359,詩畫
6360,話
6361,該
6362,詳盡
6363,詳細
6364,認為
6365,認證
6366,認識
6367,語中
6368,誤導
6369,說
6370,說明
6371,說牌
6372,課程
6373,調度
6374,調整
6375,請
6376,請安靜
6377,請洽
6378,請遊客
6379,諧互動
6380,諮
6381,謙卑
6382,講座
6383,講求
6384,講解
6385,證恆久
6386,識出
6387,警務段
6388,警察
6389,警為
6390,護欄
6391,變
6392,變化
6393,變得
6394,變成
6395,變換
6396,變氣候
6397,變質
6398,讓
6399,讓民眾
6400,讚
6401,谷
6402,谷壁
6403,谷屬
6404,谷底
6405,谷斷
6406,谷步
6407,豁然
6408,豆腐
6409,豐
6410,豐坪路
6411,豐富
6412,豐收
6413,豐村
6414,豐沛
6415,豐溪
6416,豐濱
6417,豐田
6418,豐田玉
6419,豐美生態
6420,豐腴
6421,豐農場
6422,豐鄉
6423,豐霈
6424,豔
6425,象
6426,象山
6427,象徵
6428,象徵性
6429,象徵著
6430,豪氏
6431,豪邁
6432,豬腳店
6433,貓般
6434,貝
6435,貝類
6436,負責
6437,負起
6438,負離子
6439,財物
6440,貢德氏
6441,貨櫃
6442,貨物
6443,販售
6444,貫通
6445,貯木池
6446,買
6447,資源
6448,資產
6449,資訊
6450,賓板
6451,賜予
6452,賞
6453,賞星
6454,賞景
6455,賞東
6456,賞海
6457,賞花
6458,賞蝶
6459,賞蝶區
6460,賞螢
6461,賞鯨
6462,賞鯨業者
6463,賞鯨豚
6464,賞鳥
6465,賞鳥步
6466,賞鴕
6467,賣
6468,賦予
6469,質
6470,質屬
6471,質極佳
6472,質館
6473,購買
6474,賽
6475,賽克磁磚
6476,赤
6477,赤柯
6478,赤柯三景
6479,赤柯山
6480,赤科三景
6481,赤科山
6482,赤腹
6483,赤蛙
6484,赫然
6485,赫赫
6486,走
6487,走上
6488,走入
6489,走出
6490,走到
6491,走私
6492,走約
6493,走能
6494,走訪
6495,走走
6496,走走停停
6497,走起
6498,走進
6499,走過
6500,起
6501,起伏
6502,起來
6503,起端
6504,起重
6505,起點
6506,趁著
6507,超乎
6508,超夯
6509,超好
6510,超熱門
6511,超過
6512,越
6513,越來
6514,越多遊
6515,越嶺
6516,越野
6517,越高
6518,趣味
6519,趣味性
6520,趣景
6521,趨之若鶩
6522,足以
6523,足印
6524,足夠
6525,足跡
6526,跌倒
6527,跌宕
6528,距
6529,距今
6530,距步
6531,距玉里
6532,距花蓮
6533,距離
6534,距離長
6535,跟
6536,跡
6537,跨上
6538,跨世紀
6539,跨越
6540,路
6541,路上
6542,路口
6543,路徑
6544,路旁
6545,路段
6546,路況
6547,路牌
6548,路程
6549,路窄
6550,路經此
6551,路線
6552,路途
6553,路障
6554,路面
6555,跳
6556,跳躍其間
6557,跳躍著
6558,踏
6559,踏上
6560,踏入
6561,踏浪
6562,踏青
6563,踩
6564,踩踏
6565,蹟
6566,蹤
6567,蹦蹦
6568,躍上
6569,躍出
6570,躍水
6571,身
6572,身上
6573,身在
6574,身影
6575,身心
6576,身旁
6577,身為
6578,身體
6579,身高
6580,躲貓
6581,躲避
6582,車
6583,車來
6584,車便
6585,車前
6586,車友
6587,車場
6588,車專用
6589,車族
6590,車是
6591,車服務
6592,車次
6593,車步
6594,車程
6595,車站
6596,車行
6597,車賽
6598,車輛
6599,車遊園
6600,車運送
6601,車過
6602,車道
6603,車道位
6604,車隊
6605,車雜誌
6606,車頭
6607,軋
6608,軌跡
6609,軌道
6610,軍
6611,軍事
6612,軍事要
6613,軍機
6614,軍營圍
6615,軟
6616,軟底
6617,軟弱
6618,較
6619,輔以
6620,輕
6621,輕人
6622,輕人來
6623,輕巧
6624,輕盈動感
6625,輕聲
6626,輕舟
6627,輕輕
6628,輝煌
6629,輩
6630,輪椅
6631,輪番
6632,輪胎
6633,輸送
6634,轄
6635,轉
6636,轉下
6637,轉個
6638,轉入
6639,轉出
6640,轉台
6641,轉型
6642,轉彎處
6643,轉往
6644,轉悅
6645,轉捩點
6646,轉換
6647,轉搭花蓮
6648,轉東
6649,轉民營
6650,轉為
6651,轉產業
6652,轉祥
6653,轉蛋
6654,轉變
6655,轉身
6656,轉進
6657,轉運站
6658,轉運至
6659,轉黃
6660,轟動
6661,辛勞
6662,辛苦
6663,辦
6664,辦公廳
6665,辦理
6666,辦理入
6667,辭世時間
6668,農作
6669,農兵
6670,農地
6671,農場
6672,農場種
6673,農委會
6674,農家
6675,農忙
6676,農會
6677,農村
6678,農業
6679,農特產及
6680,農特產品
6681,農產
6682,農田
6683,農畜區
6684,農舍
6685,農莊位
6686,迂緩
6687,迄今
6688,迎來
6689,迎接
6690,迎著
6691,迎賓
6692,迎面
6693,迎風
6694,近
6695,近乎
6696,近來
6697,近年
6698,近期
6699,近百
6700,近距
6701,返
6702,返回
6703,迤邐
6704,迴
6705,迷
6706,迷人
6707,迷宮
6708,迷醉
6709,追溯
6710,追火車
6711,追逐
6712,送
6713,送禮
6714,逆
6715,透明
6716,透涼
6717,透澈
6718,透白
6719,透過
6720,透過陽
6721,逐年
6722,逐漸
6723,途
6724,途中
6725,途經
6726,逗趣
6727,這
6728,這一區僅
6729,這一帶
6730,這也
6731,這些
6732,這個
6733,這免費
6734,這兒
6735,這塊
6736,這寂靜
6737,這峽谷
6738,這幅
6739,這幾年
6740,這座
6741,這才
6742,這拍
6743,這是
6744,這時
6745,這東
6746,這條
6747,這條種
6748,這標誌
6749,這樣
6750,這段
6751,這片
6752,這玩沙
6753,這番
6754,這相鄰
6755,這繽紛
6756,這群
6757,這至
6758,這裡
6759,這裡則
6760,這間
6761,這難
6762,通向
6763,通常
6764,通幽
6765,通往
6766,通行
6767,通車
6768,通過
6769,通過後方
6770,通道
6771,通風口
6772,逛
6773,造
6774,造出
6775,造型
6776,造就
6777,造建築
6778,造形
6779,造成
6780,造景
6781,造材
6782,造林
6783,造浪池
6784,造訪
6785,連國
6786,連接
6787,連結
6788,連綿
6789,連續
6790,連連
6791,連連大呼
6792,週邊
6793,進
6794,進入
6795,進入後山
6796,進出
6797,進去
6798,進園區
6799,進店
6800,進是
6801,進步
6802,進洞裡
6803,進現
6804,進生態
6805,進而
6806,進行
6807,進貢
6808,進階級
6809,進鳳林鎮
6810,逾
6811,遇到
6812,遇見
6813,遊
6814,遊人
6815,遊人賞
6816,遊健
6817,遊具
6818,遊客
6819,遊客們
6820,遊客則
6821,遊客絡繹
6822,遊憩
6823,遊戲
6824,遊戲場
6825,遊春郊
6826,遊樂
6827,遊樂區
6828,遊樂園
6829,遊樂場
6830,遊玩
6831,遊行
6832,遊覽
6833,遊覽花蓮
6834,遊賞
6835,運之礫
6836,運作
6837,運到
6838,運動
6839,運動場
6840,運動遊
6841,運承載
6842,運材
6843,運氣
6844,運至
6845,運輸
6846,運送
6847,遍生
6848,遍野
6849,過
6850,過了
6851,過來
6852,過去
6853,過夜
6854,過山脈
6855,過峽谷
6856,過度
6857,過往
6858,過後
6859,過後的
6860,過癮
6861,過的
6862,過程
6863,過立
6864,過花蓮
6865,過該
6866,過豐
6867,過這約
6868,過鐵道
6869,道
6870,道位
6871,道則
6872,道口
6873,道旁
6874,道路
6875,達
6876,達步
6877,達白
6878,遙想
6879,遙望
6880,遞
6881,遠
6882,遠方
6883,遠望
6884,遠眺
6885,遠處
6886,遠近
6887,遠遠
6888,遠雄
6889,遠離
6890,適
6891,適中
6892,適合
6893,適合來
6894,適合健
6895,適合到
6896,適度
6897,遭受
6898,遮住
6899,遮掩
6900,遮蔭
6901,遮蔭處
6902,遮蔽
6903,遮陽
6904,遮陽網
6905,遴選
6906,遵守
6907,遵循
6908,遷
6909,遷廠
6910,選一
6911,選定
6912,選拔
6913,選擇
6914,選購
6915,遺
6916,遺世
6917,遺勇
6918,遺址
6919,遺忘
6920,遺落
6921,遺跡
6922,遺骸
6923,遼闊
6924,遽
6925,避免
6926,避暑
6927,邀請
6928,邁進
6929,還
6930,還不過
6931,還具
6932,還原成
6933,還可
6934,還可遠眺
6935,還可順遊
6936,還是
6937,還曾入
6938,還有
6939,還有棟
6940,還有給
6941,還有闊
6942,還沒到
6943,還立
6944,還給
6945,還能
6946,還要
6947,還設
6948,還需
6949,邊
6950,邊坡
6951,邊的
6952,邊覓食
6953,邊走
6954,那
6955,那棟
6956,那萬花
6957,那邊
6958,部份
6959,部分
6960,部國家
6961,部落
6962,部隊
6963,郵筒
6964,都
6965,都市
6966,鄉
6967,鄉北
6968,鄉北邊
6969,鄉及
6970,鄉台
6971,鄉富
6972,鄉村
6973,鄉池
6974,鄉瑞北
6975,鄉磯崎村
6976,鄉磯崎海濱遊
6977,鄉福興村
6978,鄉華
6979,鄉西側
6980,鄉道
6981,鄉鎮
6982,鄉間
6983,鄰
6984,鄰近
6985,酋長
6986,配合
6987,配方
6988,配置
6989,酒
6990,酒店
6991,酒廠
6992,酷熱
6993,醉人
6994,醒目
6995,釀
6996,釀酒
6997,釋迦
6998,釋迦為
6999,里
7000,里程
7001,重
7002,重光
7003,重劃區
7004,重建
7005,重新
7006,重現
7007,重生
7008,重要
7009,重要性
7010,重責大任
7011,重達
7012,重鎮
7013,重點
7014,野外
7015,野獸
7016,野生
7017,野百合
7018,野茫茫
7019,野草
7020,野菜
7021,野餐
7022,野鳥
7023,金
7024,金城
7025,金峽
7026,金樹
7027,金色
7028,金色花
7029,金針
7030,金雨
7031,金黃
7032,金黃色
7033,釣
7034,釣場
7035,釣魚
7036,鈺展
7037,銜接
7038,鋁圈
7039,鋇
7040,鋤
7041,鋪
7042,鋪展
7043,鋪木步
7044,鋸
7045,鋸木伐林
7046,鋸齒
7047,鋼筋
7048,鋼索
7049,鋼骨
7050,錐山
7051,錐麓
7052,錦文橋
7053,錯景點
7054,錯覺
7055,錯過
7056,鍊
7057,鍋等
7058,鎮店
7059,鎮座
7060,鎮金針
7061,鎮門面
7062,鏤空
7063,鏽
7064,鐘
7065,鐘乳
7066,鐘乳石
7067,鐘車程
7068,鐵
7069,鐵及
7070,鐵橋
7071,鐵礦
7072,鐵至
7073,鐵質
7074,鐵路
7075,鐵路橋
7076,鐵道
7077,鐵馬
7078,鐵馬到
7079,鐵馬趣
7080,鐵馬道
7081,鑲
7082,鑽網
7083,鑿
7084,長
7085,門票
7086,閃耀
7087,閃著
7088,閃閃萬家
7089,開
7090,開出
7091,開墾
7092,開始
7093,開山
7094,開幕
7095,開往
7096,開心
7097,開拓
7098,開採
7099,開放
7100,開放區域
7101,開放式
7102,開放花
7103,開放遊客
7104,開時
7105,開朗
7106,開村
7107,開枝
7108,開步
7109,開滿
7110,開發
7111,開發成
7112,開累
7113,開花
7114,開著
7115,開設
7116,開路
7117,開車
7118,開通
7119,開進
7120,開金
7121,開鑿
7122,開闊
7123,開闢
7124,閑
7125,閒
7126,閒園區
7127,閒場
7128,閒暇
7129,間
7130,間外
7131,間爭
7132,閱讀
7133,闆
7134,闊
7135,闊葉
7136,闊葉林
7137,關注
7138,關越
7139,闢
7140,闢建
7141,阡陌
7142,防制
7143,防曬
7144,防曬油
7145,防止
7146,防波堤
7147,防災
7148,防空洞
7149,防蚊
7150,防謀
7151,防風林
7152,防風林區
7153,阿拉比
7154,阿美族
7155,附設
7156,附近
7157,降遷
7158,限制
7159,限定
7160,陡
7161,陡峭
7162,陡峻
7163,陡急
7164,陡直
7165,陡路長
7166,陣容
7167,陣陣
7168,除
7169,除了
7170,除多種
7171,陪
7172,陪伴
7173,陰香
7174,陳
7175,陶醉
7176,陸續
7177,陽充
7178,陽光
7179,陽光下
7180,陽光灑
7181,隆起
7182,隆隆
7183,隈
7184,階
7185,階地
7186,階層
7187,階梯
7188,階與
7189,隔溪
7190,障礙
7191,障者
7192,隧道
7193,隧道口
7194,隨
7195,隨便
7196,隨季節
7197,隨性
7198,隨意
7199,隨時
7200,隨氣候
7201,隨船
7202,隨著
7203,隨著觀
7204,隨處
7205,隨身
7206,隨開闊
7207,險峻
7208,險灘
7209,隱匿
7210,隱密
7211,隱私
7212,隱約
7213,隱藏
7214,隱藏版
7215,隱身
7216,隻
7217,雄偉
7218,雅美族
7219,雅趣
7220,集中
7221,集合
7222,集團
7223,集塊
7224,集散
7225,集材
7226,雇請
7227,雉
7228,雕像
7229,雕刻
7230,雕塑
7231,雕琢
7232,雖
7233,雖因
7234,雖擁
7235,雖然
7236,雖說
7237,雖隔
7238,雙向
7239,雙心
7240,雜草
7241,雜貨
7242,雞
7243,離
7244,離去
7245,離觀賞
7246,離開
7247,難
7248,難以
7249,難度
7250,難得
7251,難求
7252,雨
7253,雨天
7254,雨水
7255,雨滴
7256,雨蛙
7257,雨量
7258,雪
7259,雪人
7260,雪白
7261,雲
7262,雲嵐
7263,雲霧
7264,零距離
7265,零開始
7266,電
7267,電動
7268,電城
7269,電廠
7270,電影
7271,電筒
7272,電話
7273,需
7274,需先
7275,需攀繩
7276,需求
7277,需要
7278,震懾
7279,震撼
7280,震耳
7281,霧
7282,霧溪
7283,露
7284,露出
7285,露天
7286,露營
7287,露營區
7288,露頭
7289,靈
7290,靈洗
7291,靈碑
7292,青山
7293,青年
7294,青斑鳳蝶
7295,青春活力
7296,青楓
7297,青綠
7298,青翠
7299,青蛙
7300,青鳥
7301,靜態
7302,靜浦
7303,靜浦村
7304,靜浦站
7305,靜臥
7306,靜謐
7307,靜靜
7308,靜靜吐納
7309,非去不可
7310,非常
7311,靠
7312,靠山
7313,靠岸
7314,靠海
7315,靠近
7316,面
7317,面上
7318,面向
7319,面寬廣
7320,面對
7321,面海
7322,面積
7323,面貌
7324,面還
7325,鞍
7326,鞍藤等
7327,鞦
7328,韆
7329,韭菜
7330,韭菜花
7331,音為
7332,韻味
7333,響亮
7334,響應
7335,頂
7336,頂上
7337,頂位
7338,頂端
7339,頂級
7340,項
7341,項目
7342,順應
7343,順手
7344,順著
7345,順著後方
7346,順著樹
7347,順遊山線
7348,須知
7349,預估
7350,預約
7351,預計
7352,頓時
7353,頗
7354,領略
7355,領遊客
7356,頤
7357,頭山
7358,頭烏線
7359,頻繁
7360,題
7361,顏色
7362,顛簸
7363,類
7364,類似
7365,類動物
7366,類解
7367,顧客
7368,顯得
7369,顯眼
7370,顯風韻
7371,風
7372,風中
7373,風來
7374,風光
7375,風光偉業
7376,風光極
7377,風化
7378,風味
7379,風影響
7380,風情
7381,風搖曳
7382,風景
7383,風景區
7384,風格
7385,風格間
7386,風潮
7387,風災損
7388,風華
7389,風貌
7390,風鈴木
7391,風險
7392,颱
7393,飛
7394,飛擁
7395,飛濺
7396,飛舞
7397,食
7398,食及
7399,食品
7400,食外
7401,食樂趣
7402,食用
7403,飯店
7404,飲
7405,飲料
7406,飲水
7407,飲酒
7408,飲食
7409,飼料
7410,飼養
7411,飽
7412,飽滿
7413,飽覽
7414,飾品
7415,餅
7416,養殖
7417,養殖區
7418,養殖業
7419,養殖魚
7420,養生
7421,餐廳
7422,餐桌
7423,餐桌上
7424,餐飲
7425,餐館
7426,餐點
7427,餘
7428,餘公頃
7429,餘名
7430,餘年
7431,餘處
7432,館
7433,館介紹
7434,館內
7435,館則
7436,館及
7437,館本館
7438,館欣賞
7439,餵
7440,饅頭
7441,饕
7442,饕客
7443,首先
7444,首座
7445,首建
7446,首推
7447,首要
7448,香味
7449,香換
7450,香料
7451,香林
7452,香水
7453,香醇
7454,馬
7455,馳名
7456,駁車
7457,駐
7458,駐守過
7459,駐櫃
7460,駐足
7461,駕車
7462,駛入
7463,駱
7464,騎
7465,騎乘
7466,騎乘時
7467,騎士們
7468,騎著
7469,騎行
7470,騎車
7471,騎輛
7472,騎馬
7473,驅蟲
7474,驚
7475,驚呼
7476,驚喜
7477,驚奇
7478,驚慌
7479,驚擾
7480,驚覺
7481,驚險
7482,驛
7483,驛站
7484,驟減
7485,體力
7486,體力後來
7487,體會
7488,體空間
7489,體能
7490,體驗
7491,體驗東
7492,體驗池
7493,高
7494,高低
7495,高地
7496,高塔
7497,高大
7498,高山
7499,高度
7500,高懸
7501,高樓
7502,高灘
7503,高照
7504,高營養
7505,高空
7506,高聳
7507,高聳貴
7508,高處
7509,高處平
7510,高農
7511,高達
7512,高飛
7513,高高低低
7514,高點
7515,髮
7516,鬆
7517,鬼斧神工
7518,魅力
7519,魔戒
7520,魚
7521,魚場
7522,魚山
7523,魚山步
7524,魚池
7525,魚法
7526,魚潭
7527,魚潭及
7528,魚潭潭
7529,魚燒
7530,魚種
7531,魚群
7532,魚藤
7533,魚蝦
7534,魚蝦類
7535,魚貨
7536,魚類
7537,鮑溪
7538,鮑溪成
7539,鮑溪親
7540,鮮
7541,鮮乳
7542,鮮亮
7543,鮮奶
7544,鮮嫩
7545,鮮感
7546,鮮綠
7547,鯉
7548,鯉躍龍門
7549,鯉魚
7550,鯨
7551,鯨豚
7552,鰻
7553,鱉
7554,鱸
7555,鳥
7556,鳥居
7557,鳥巢
7558,鳥獸
7559,鳥瞰
7560,鳥種
7561,鳥群
7562,鳥語
7563,鳥類
7564,鳥飛
7565,鳥鮮
7566,鳥鳴聲
7567,鳳
7568,鳳林
7569,鳳林鎮
7570,鳳梨
7571,鳳梨及
7572,鳳頭
7573,鳶
7574,鴕鳥
7575,鴨
7576,鵝群
7577,鶲
7578,鶴嘴
7579,鷥
7580,鷺
7581,鷺鷥
7582,鹹
7583,鹼性
7584,鹽
7585,鹽泉
7586,麗
7587,麵
7588,麻及
7589,黃
7590,黑
7591,黑寶石
7592,黑枕
7593,黑潮
7594,黑熊
7595,黑爾溪
7596,黑石
7597,黑糖
7598,黑翅
7599,黑色
7600,點
7601,點唱機
7602,點的
7603,點路過
7604,點還
7605,點點
7606,鼓勵
7607,鼻
7608,鼻山
7609,鼻蝠
7610,齊力
7611,齊名
7612,齊心
7613,齊聚
7614,齊開
7615,齒莧
7616,龍
7617,龍吟
7618,龜
7619,龜山
7620,！
7621,（
7622,）
7623,，
7624,－
7625,／
7626,：
7627,；
7628,？
7629,Ｄ
7630,Ｉ
7631,Ｙ
7632,～
